flight,name,surname,mode,company,host,cost
1000,Рубен,Сазонова,B,ОАО «Веселов-Комарова»,desktop-33.ip.edu,23726
1001,Авдей,Кошелев,B1,Константинова и партнеры,lt-61.rao.com,13073
1002,Митофан,Горшкова,B1,НПО «Зимин-Пестов»,desktop-58.npo.biz,12004
1003,Спиридон,Шарапов,A1,РАО «Шубин Куликов и Селиверстова»,desktop-03.npo.com,42378
1004,Назар,Маслов,C1,РАО «Григорьев Комаров и Игнатов»,laptop-08.nazarova.info,96597
1005,Марк,Доронин,BE,ОАО «Матвеев Наумова»,db-21.npo.ru,2213
1006,Таисия,Некрасов,DE,ООО «Муравьева-Богданов»,web-26.titova.org,14343
1007,Харитон,Яковлев,D,Комаров Лтд,desktop-29.ooo.com,68844
1008,Евстафий,Галкина,BE,ООО «Савельев Колесников и Терентьев»,web-78.npo.edu,11972
1009,Мстислав,Галкина,B1,НПО «Журавлева-Новиков»,email-87.kopilova.biz,84528
1010,Андрей,Воронов,C,Крюков Групп,db-05.zao.biz,27025
1011,Никон,Дмитриева,M,ИП «Мухина Евдокимова и Самойлов»,email-98.npo.edu,55048
1012,Аверьян,Маслов,A,Лукина Инк,laptop-65.zao.biz,43652
1013,Ким,Смирнова,DE,ОАО «Лобанова-Жданова»,db-58.npo.edu,34711
1014,Корнил,Белоусов,D1,НПО «Мишина»,web-04.ao.com,5116
1015,Лора,Зыков,M,АО «Сазонова Соловьев»,desktop-68.agentstvo.ru,37682
1016,Модест,Смирнова,Tm,Блохина Лимитед,srv-83.oao.com,71747
1017,Максим,Ларионова,A1,АО «Поляков Кошелева и Фадеев»,laptop-63.lukin.ru,49963
1018,Парамон,Лобанов,BE,Merlion,db-98.evrotsement.ru,64138
1019,Порфирий,Михеев,B1,ОАО «Рыбаков»,laptop-78.oao.com,73881
1020,Савелий,Блохина,BE,ЗАО «Силина»,srv-75.rao.com,65719
1021,Дарья,Никифорова,D1,ООО «Кузнецова Рябов»,db-85.ip.net,93183
1022,Эрнст,Крылов,B,РАО «Кулагина»,lt-58.gazprom.edu,11779
1023,Светозар,Галкина,DE,НПО «Боброва»,desktop-77.sitibank.net,39157
1024,Ираида,Чернов,Tb,ИП «Гурьев Рыбакова»,desktop-60.zao.com,61275
1025,Роман,Бобылева,A1,ОАО «Яковлев Афанасьева и Михайлова»,laptop-23.rao.net,99458
1026,Харитон,Лебедева,DE,Кудряшова Лимитед,lt-08.zao.edu,19583
1027,Радислав,Борисов,B1,Техкомпания Хуавэй (Huawei),laptop-14.ovchinnikov.com,45059
1028,Глафира,Блинов,CE,НПО «Герасимова Овчинников и Гурьев»,desktop-34.ooo.com,23488
1029,Жанна,Красильников,CE,Якушева Инкорпорэйтед,laptop-00.petroleum.edu,35145
1030,Мартын,Боброва,C,РАО «Федорова Григорьев и Исаков»,laptop-81.zao.org,33686
1031,Пров,Воробьева,C,АО «Голубев Зайцева»,desktop-81.ip.biz,55537
1032,Савватий,Зыков,Tm,ОАО «Андреева Никифорова и Родионов»,laptop-20.rao.com,92155
1033,Викторин,Селиверстов,C1E,ГК Агропромкомплектация,email-74.kamski.net,78614
1034,Ким,Трофимов,CE,ИП «Ершова Гаврилова»,desktop-44.lerua.ru,40397
1035,Ираклий,Иванов,D,ООО «Марков»,srv-71.npo.ru,86449
1036,Мартын,Соловьев,C1,ИП «Ковалев-Гусев»,email-99.ooo.net,38718
1037,Лонгин,Киселев,C,ООО «Белякова»,desktop-80.npo.edu,74694
1038,Соломон,Кондратьева,DE,АО «Борисов Мясников и Хохлова»,desktop-60.ao.net,3150
1039,Пров,Зайцев,M,Евдокимова Лтд,srv-52.konovalov.edu,27263
1040,Наина,Русаков,B1,Силин Инкорпорэйтед,lt-16.npo.edu,48555
1041,Пелагея,Мясников,A,РАО «Мартынова Шарова и Куликова»,laptop-91.ferronordik.com,52336
1042,Гордей,Гущин,D1,Владимирова Инк,lt-45.ip.edu,65275
1043,Поликарп,Никонова,B1,РАО «Комарова Блинова»,lt-23.afanasev.ru,60534
1044,Георгий,Данилов,M,ООО «Титов»,srv-65.rao.edu,75962
1045,Богдан,Горбачев,C1,АО «Баранов»,email-29.prioskole.com,38317
1046,Зиновий,Одинцов,D1,Крюков Инк,desktop-95.zao.ru,47683
1047,Ратибор,Тетерин,BE,ЗАО «Шарова Федотов»,desktop-43.npo.edu,6191
1048,Владилен,Капустин,C,НПО «Тимофеева»,email-70.samolova.info,98558
1049,Ираида,Гуляев,A,Виноградов Групп,web-14.ao.edu,10406
1050,Порфирий,Зимина,C1,ИП «Комиссаров Одинцова»,web-54.npo.ru,10613
1051,Лазарь,Антонов,BE,ЗАО «Павлов Белоусова и Некрасова»,desktop-81.ao.ru,54776
1052,Ананий,Фадеева,B,АО «Крюкова Комиссарова и Лебедев»,email-49.npo.net,53179
1053,Варвара,Артемьева,M,РАО «Макаров Емельянова и Панов»,db-96.ao.com,72283
1054,Анисим,Макарова,C1,РАО «Медведев-Александров»,db-98.ip.info,28782
1055,Бронислав,Нестеров,Tb,ОАО «Котов-Попов»,web-26.rao.ru,7435
1056,Татьяна,Мухина,C1E,ЗАО «Тимофеева-Тетерин»,srv-68.ao.com,93676
1057,Анна,Лазарев,C1E,АО «Сазонов Лукина и Носов»,email-99.rao.com,86272
1058,Наталья,Якушева,D,Ершов и партнеры,email-73.ao.org,62624
1059,Аникита,Шилова,D,Совкомфлот,email-40.krokus.biz,68656
1060,Эрнест,Гуляева,B,АО «Беспалов»,lt-81.kartli.biz,73641
1061,Ангелина,Попова,D,Несте Санкт-Петербург (Neste),web-49.ooo.org,30172
1062,Тарас,Мишин,C1,ЗАО «Самойлов Романов»,laptop-67.rao.com,56058
1063,Клавдий,Зимина,D,АО «Фокина Селезнев и Назарова»,email-15.rao.biz,14965
1064,Вениамин,Пономарев,D1,НПО «Силина Федоров и Силина»,desktop-45.ao.info,79632
1065,Фотий,Кулаков,DE,Копылова Групп,desktop-61.zao.com,82974
1066,Иларион,Зыкова,B1,Дмитриева Лтд,srv-98.npo.info,33818
1067,Иван,Федоров,BE,Объединенная судостроительная корпорация,srv-56.zao.net,48180
1068,Агафья,Щербаков,BE,Пономарев Лтд,db-96.transmashholding.com,25241
1069,Наркис,Соловьев,BE,ГК СНС,desktop-94.npo.biz,27370
1070,Павел,Фомичева,B1,Волгоградэнергосбыт,db-63.ooo.com,36570
1071,Иосиф,Дмитриев,A1,Снежная Королева,srv-22.ip.net,79164
1072,Куприян,Стрелков,C1E,НПО «Гордеева»,laptop-60.kamensk-uralski.com,75466
1073,Феофан,Мартынов,B1,АО «Кузьмина Потапова»,email-14.ao.com,12604
1074,Архип,Яковлев,A,ИП «Филиппова-Пестов»,email-57.lebedeva.ru,80438
1075,Стоян,Борисов,B1,ИП «Анисимов»,srv-63.novikov.net,90305
1076,Евдоким,Щукин,A1,НПО «Исаков Михеева»,email-69.ao.edu,47806
1077,Всеслав,Куликова,CE,НПО «Кондратьев»,desktop-72.ech.ru,23397
1078,Прокл,Орлов,M,АО «Жукова-Ефимов»,srv-63.investneftetred.net,49526
1079,Осип,Комарова,Tb,Мишина Инк,srv-83.rao.com,42296
1080,Евграф,Моисеева,A,Михайлов Групп,email-45.baer.com,68197
1081,Ия,Федосеев,Tm,Орехова Лимитед,db-71.ao.org,40914
1082,Зиновий,Крюков,DE,РАО «Кошелев-Игнатова»,web-40.metallokomplekt-m.edu,67369
1083,Зосима,Кузнецов,B1,ОАО «Белоусов-Веселов»,lt-00.haritonov.ru,33648
1084,Владислав,Филиппов,BE,РАО «Александров»,desktop-89.npo.edu,91037
1085,Наум,Ширяев,C1E,ИП «Кудряшов Моисеева и Горбунов»,db-11.ribakova.edu,37083
1086,Валерий,Карпов,DE,Л'Ореаль (L'Oreal),db-69.oao.com,66511
1087,Лидия,Котов,M,ОАО «Лапин-Федотов»,db-50.oao.ru,60896
1088,Галина,Виноградова,A1,ЛГ Электроникс Рус (LG),lt-03.danilov.biz,26438
1089,Ольга,Казаков,M,ЗАО «Сазонова»,laptop-75.npo.ru,42844
1090,Надежда,Михайлова,C1E,ЗАО «Пономарев Мясников»,desktop-44.zao.edu,4412
1091,Аникей,Брагина,D,РАО «Баранова»,laptop-73.galkina.net,96960
1092,Ферапонт,Мясникова,DE,ООО «Тихонова»,desktop-65.oao.net,6433
1093,Валерьян,Кузьмин,D,ОАО «Громова»,srv-16.dentsu.net,26176
1094,Ия,Никонова,DE,АО «Самсонов Русакова»,desktop-21.npo.ru,12413
1095,Боян,Пестов,CE,Рив Гош,web-92.sorokin.edu,15893
1096,Назар,Калашникова,A1,НПО «Самсонов-Смирнов»,web-87.rao.org,9220
1097,Аполлон,Фролов,A,НПО «Сысоев Громов и Стрелкова»,db-11.ooo.biz,69509
1098,Сократ,Кондратьев,A1,Назаров Групп,web-45.borisova.ru,49778
1099,Максим,Лыткина,D,Втормет,web-08.m.org,1593
1100,Лев,Ильина,D,ТЭК СПБ,db-25.baranov.org,32969
1101,Наина,Соколова,CE,ОАО «Панов Горшков и Богданова»,srv-63.ip.info,11660
1102,Ермил,Меркушева,A,ИП «Савина-Рябов»,email-91.suhanov.com,13661
1103,Кондратий,Федотов,DE,НПО «Бобров-Галкин»,laptop-41.ao.com,90823
1104,Леон,Абрамов,BE,Комиссарова Лтд,desktop-73.ip.biz,73386
1105,Милован,Алексеев,A1,ООО «Андреева Колесникова»,desktop-32.ooo.net,24850
1106,Сидор,Некрасова,BE,Гришин и партнеры,srv-80.ao.edu,16045
1107,Самсон,Емельянов,A1,Абрамова Инкорпорэйтед,laptop-33.npo.net,55441
1108,Прокл,Кулагин,Tm,РАО «Зуев»,db-17.zao.com,94981
1109,Мирон,Лыткин,B,ОАО «Соболев»,lt-98.ip.edu,67058
1110,Зоя,Андреева,C,НПО «Брагин Кузьмин и Виноградова»,laptop-42.ooo.edu,15787
1111,Артемий,Громов,D1,АО «Алексеева Аксенова»,email-28.pavlova.ru,24246
1112,Зиновий,Ефремова,Tb,РАО «Устинов Молчанов и Воробьев»,lt-11.agafonov.info,82506
1113,Зосима,Беляева,D1,ГК Невада (Самбери),laptop-80.rao.net,75604
1114,Лукьян,Александрова,A1,Фортум (Fortum),email-97.sk.biz,38525
1115,Сергей,Гришина,CE,Автотор холдинг,db-28.fokina.info,53800
1116,Станимир,Потапов,A,НПО «Носкова Колесникова и Корнилов»,laptop-91.neftehimremstro.info,24738
1117,Лавр,Быкова,C1E,ИП «Денисова»,lt-63.rodionova.net,91189
1118,Пимен,Наумова,B,ИП «Гришин-Мясников»,web-20.npo.com,72277
1119,Семен,Титов,B1,Гиперглобус (Bruch-Beteiligungs),srv-90.ip.biz,26125
1120,Амос,Морозова,B1,НПО «Петрова Архипов и Крюков»,email-45.oao.net,89640
1121,Пимен,Харитонов,Tb,ООО «Селезнева-Ильин»,email-95.rao.org,57569
1122,Эрнест,Афанасьева,Tb,Ларионов Инк,desktop-08.ip.com,45956
1123,Елисей,Елисеев,A,АвтоВАЗ,srv-54.zao.org,87613
1124,Андрей,Осипова,C,Балтийская топливная компания,desktop-86.aksenov.com,4152
1125,Леон,Матвеева,A1,Сибтрейд,db-92.npo.org,62349
1126,Болеслав,Гордеева,M,ОАО «Вишнякова Моисеев»,web-61.zao.edu,15002
1127,Эрнест,Куликова,D,ООО «Лебедев-Миронов»,email-24.zao.org,11078
1128,Агафон,Дмитриев,Tb,Алтайвагон,email-47.ip.com,59210
1129,Ярослав,Фадеев,C,ИП «Дьячкова»,db-33.ao.ru,50729
1130,Панфил,Зимин,D,ЗАО «Архипова-Андреев»,desktop-05.rao.org,96571
1131,Аким,Федотов,BE,ЗАО «Емельянов Овчинникова»,web-07.rao.net,29656
1132,Алла,Муравьев,M,ЗАО «Игнатова Соколова»,laptop-62.ip.info,62871
1133,Ювеналий,Беляков,DE,ОАО «Давыдов Родионова и Орлова»,web-76.ip.ru,47371
1134,Афанасий,Голубева,D1,РАО «Кондратьева Волкова и Бобылев»,laptop-00.npo.info,2281
1135,Кир,Устинова,Tm,ФМСМ (PMI),email-61.kuznetsov.info,39472
1136,Татьяна,Зайцев,C1,ИП «Соболева Третьякова и Федосеев»,laptop-08.blinov.org,37411
1137,Харитон,Кузьмина,A,РАО «Сафонова Комиссаров»,web-53.rao.edu,21647
1138,Митофан,Ларионов,A,Группа НПФ Благосостояние,web-01.fomin.org,75778
1139,Авксентий,Шубин,B,ЗАО «Нестеров Лаврентьев и Никонова»,db-82.zao.biz,4505
1140,Милен,Смирнова,Tb,ИП «Соболев-Сафонова»,db-47.oao.info,37149
1141,Харитон,Киселев,B1,ЗАО «Устинов Рябова»,srv-34.ip.ru,58758
1142,Клавдия,Никифорова,C1E,Силина Лимитед,laptop-45.oao.org,2001
1143,Тит,Макаров,D,Группа компаний МИЦ,web-92.ao.edu,41641
1144,Андрей,Панов,M,АО «Лапина Савин и Зуева»,laptop-62.rostselmash.biz,39901
1145,Амвросий,Владимиров,A1,ООО «Шашкова Рожков и Меркушев»,desktop-90.ip.edu,15532
1146,Владлен,Силин,C1E,ООО «Щербаков Русакова»,desktop-30.zao.edu,63668
1147,Давыд,Карпов,B1,Русский уголь,srv-33.ip.edu,99023
1148,Измаил,Силин,CE,Мартынова Лтд,db-56.ao.ru,7028
1149,Нестор,Коновалова,BE,АО «Матвеев Трофимов»,lt-62.ip.com,34207
1150,Эммануил,Маслов,D,АО «Абрамова»,email-43.kopilova.org,12143
1151,Добромысл,Некрасова,A1,БелАЗ-24,db-33.rao.ru,97359
1152,Феврония,Павлова,BE,РАО «Логинова Пономарев»,srv-81.andreev.info,16943
1153,Карл,Кабанова,Tb,АО «Игнатьев-Нестерова»,web-27.oao.ru,18305
1154,Тит,Гурьев,Tm,Катрен,email-80.oao.net,30340
1155,Епифан,Хохлов,B1,ЗАО «Кудряшова-Гущина»,web-21.ao.ru,64273
1156,Захар,Евсеев,B,ООО «Казакова Горбунов»,web-13.zao.com,3475
1157,Ярослав,Полякова,DE,ЗАО «Субботина Фролов»,email-18.rao.ru,66793
1158,Лаврентий,Копылов,BE,Козлова Лтд,laptop-33.zao.biz,99511
1159,Симон,Виноградова,B1,ЗАО «Романова Стрелков и Шубин»,laptop-28.oao.ru,14980
1160,Селиверст,Субботина,D,Комарова Инк,lt-63.ip.com,77979
1161,Трифон,Субботина,B,ПСМА Рус,srv-58.ip.net,19299
1162,Артемий,Абрамова,C1E,ИП «Сазонов»,lt-14.npo.org,38407
1163,Олимпий,Блохин,M,АО «Силин»,lt-06.ip.biz,24019
1164,Вышеслав,Шубина,Tb,Роскосмос,desktop-30.ooo.info,66956
1165,Кир,Дементьев,Tm,ООО «Гущин»,db-27.npo.ru,2021
1166,Евдокия,Самсонов,BE,НПО «Самойлов Юдина»,srv-00.grishin.net,68967
1167,Лариса,Фомина,A,ИП «Евдокимова Назарова»,laptop-41.rao.ru,72085
1168,Радислав,Смирнова,C1E,НПО «Исаков-Котов»,web-07.korolev.com,50035
1169,Потап,Евсеева,D1,Никонова Лимитед,srv-16.ao.info,83976
1170,Всеслав,Владимирова,B1,Шарапов и партнеры,laptop-80.oao.info,15012
1171,Агафон,Лебедева,B1,Лазарев Лтд,web-68.sibirskaja.org,67418
1172,Пелагея,Белозеров,B,Русагро,laptop-90.ooo.com,92759
1173,Никодим,Зуева,C,Устинов и партнеры,db-68.gorbunov.net,25997
1174,Лукьян,Лыткина,Tm,АО «Наумов-Калинина»,email-80.rao.info,24221
1175,Мир,Смирнов,A1,АО «Меркушева Доронина и Смирнов»,laptop-77.zao.ru,2737
1176,Наина,Комиссарова,B1,Кононова Лимитед,srv-25.kudrjashov.biz,65455
1177,Дмитрий,Коновалов,A1,ОАО «Белов Никитина и Захаров»,web-93.ip.ru,93307
1178,Святополк,Наумов,A,НПО «Горбачев Блинов»,desktop-28.rao.info,77742
1179,Вера,Савина,Tm,ЗАО «Уварова Веселов и Коновалова»,srv-12.uralskie.info,95995
1180,Фортунат,Ковалева,B,ЗАО «Некрасов Орехова и Беспалова»,web-79.oao.org,76006
1181,Всеволод,Кабанов,B,НПО «Артемьева Попов»,email-22.zao.net,29598
1182,Оксана,Панфилов,D,Остин,web-19.ip.org,54804
1183,Потап,Гуляев,M,ТД Ункомтех,srv-87.yakovleva.com,83629
1184,Сигизмунд,Наумова,M,ЗАО «Зиновьева Захаров и Кошелев»,lt-02.ao.biz,48792
1185,Поликарп,Моисеева,CE,Метро Кэш энд Керри (Metro Cash & Carry),lt-58.oao.info,36084
1186,Валерия,Якушева,D1,ОАО «Матвеев-Красильникова»,db-65.zao.org,15400
1187,Харитон,Егорова,C,ООО «Носов»,email-61.ip.ru,57706
1188,Сергей,Макарова,BE,ЗАО «Шестакова»,email-08.ip.biz,26441
1189,Прокофий,Гришина,BE,НПО «Шарова»,email-59.rosneft.biz,38380
1190,Конон,Владимирова,D,СДС Азот,srv-86.ip.ru,7828
1191,Глеб,Дьячков,A,ОАО «Степанова»,lt-47.ooo.edu,29340
1192,Софон,Герасимов,A,Суворова Инк,srv-29.laboratorija.net,69741
1193,Любим,Силин,D1,Попов и партнеры,desktop-23.mjasnikova.net,36017
1194,Федот,Баранова,D1,НПО «Терентьева-Самойлов»,desktop-26.ao.net,86391
1195,Марк,Исаков,C1E,ОАО «Лихачев Голубева»,db-15.mumt.info,47771
1196,Гурий,Морозов,DE,ИП «Большаков Виноградов»,desktop-25.ip.biz,84349
1197,Никита,Белозерова,C,АО «Лазарева Пахомов»,db-84.abramova.biz,85011
1198,Дементий,Федоров,C,АО «Доронин-Соколов»,desktop-57.gruppa.ru,14901
1199,Мина,Красильникова,C1,Медведева Инкорпорэйтед,db-14.tretjakov.org,6991
1200,Владимир,Соловьева,D1,РАО «Шилов Лобанова»,email-40.ip.biz,59051
1201,Жанна,Богданова,CE,ИП «Соловьев-Воробьева»,lt-99.kabanova.com,2100
1202,Матвей,Полякова,A1,РКЦ Прогресс,srv-76.td.info,24040
1203,Тимур,Шестакова,A1,Максимов Групп,desktop-05.rao.edu,20109
1204,Никанор,Ковалев,A,АО «Меркушев Титова и Быкова»,db-11.martinova.edu,45461
1205,Ювеналий,Орехова,A,Русаков Групп,db-93.zao.org,59607
1206,Зосима,Цветков,M,Мобильные телесистемы,srv-94.ooo.net,41029
1207,Лев,Филатова,M,ООО «Блохин Лихачев»,email-20.shashkov.edu,65024
1208,Тимур,Васильева,C,Нефтьмагистраль,laptop-76.ao.net,79360
1209,Христофор,Степанов,B,ОАО «Полякова Кудряшова»,srv-79.kazanorgsintez.net,35370
1210,Марина,Веселов,A1,АО «Селезнева»,srv-45.zao.org,58315
1211,Кузьма,Данилов,A,Кошелева Инк,srv-42.ip.biz,91719
1212,Федор,Дроздова,B,ОАО «Рыбакова»,db-20.gazneftetreding.info,24402
1213,Милий,Самойлов,CE,АО «Колесников Ершов»,lt-72.ip.ru,89992
1214,Егор,Никитин,A,Группа Мэйджор,laptop-49.ip.info,57867
1215,Давыд,Гришин,A1,ЗАО «Рогова»,srv-46.npo.net,45236
1216,Октябрина,Панфилов,DE,ООО «Елисеев»,lt-19.rao.org,9981
1217,Авдей,Максимова,C1E,Р-Фарм,web-07.rao.ru,18213
1218,Влас,Назаров,Tm,ABI Product,email-92.ip.org,86523
1219,Всеслав,Сазонова,C,НПО «Ефимов Григорьев»,srv-75.rao.info,81539
1220,Элеонора,Миронова,D1,Захарова Лимитед,db-65.shirjaev.com,16017
1221,Велимир,Жукова,A1,ИП «Мишин Лукин и Суханов»,lt-39.metrostro.com,67521
1222,Полина,Поляков,D,ОАО «Колесников»,laptop-03.ooo.edu,37253
1223,Алексей,Кудрявцева,Tm,Филатова Лтд,web-86.zao.info,32181
1224,Ратмир,Селезнева,C1E,ООО «Денисов Кондратьев и Денисова»,web-22.gk.com,33583
1225,Афиноген,Королев,B1,ООО «Горбунов»,db-22.npo.org,21414
1226,Аверьян,Рябова,A1,АО «Никонов Одинцова и Савельева»,laptop-18.oao.com,6349
1227,Кондратий,Лыткин,C,РАО «Веселов Белоусов»,srv-48.npo.org,33846
1228,Андроник,Самсонов,B1,АО «Воронов Рожков и Соловьева»,desktop-18.makarov.com,80507
1229,Лариса,Зиновьев,M,АО «Дорофеева»,web-27.ao.com,87200
1230,Михаил,Симонов,Tm,ЗАО «Шарапова-Соколов»,lt-99.ooo.org,7815
1231,Софрон,Беспалов,DE,ОАО «Агафонов-Молчанова»,laptop-48.rao.ru,45857
1232,Фотий,Молчанов,A1,АО «Петрова-Матвеев»,laptop-84.fadeev.net,61241
1233,Никанор,Никитина,CE,Мострансавто,lt-79.npo.net,65033
1234,Ладимир,Давыдов,D1,Дочки-Сыночки,db-25.ao.biz,64568
1235,Кондратий,Максимова,A,РАО «Бобылев Королев»,email-83.ao.edu,43287
1236,Ипполит,Вишняков,D,ЗАО «Казаков Зайцев и Силина»,web-14.oao.net,23307
1237,Фрол,Шестакова,B,Уральские авиалинии,laptop-89.startteh.net,91813
1238,Фотий,Корнилова,DE,ОАО «Жукова-Лукина»,email-75.vo.edu,94975
1239,Сергей,Гришин,DE,Артемьев и партнеры,db-33.oao.info,67920
1240,Афанасий,Филиппова,CE,ФМСМ (PMI),lt-87.zao.net,26623
1241,Селиверст,Ефимова,D,АО «Кудряшов»,desktop-32.rao.org,35071
1242,Александр,Мельникова,BE,АО «Костин-Костина»,srv-71.rao.biz,70948
1243,Сократ,Кузьмина,DE,ЗАО «Филатов-Исаева»,srv-01.npo.org,27909
1244,Мирослав,Кошелева,M,ГК Великан,laptop-20.rao.edu,28334
1245,Лука,Кудряшова,Tm,ООО «Игнатов Матвеева»,web-29.ip.org,25981
1246,Сильвестр,Семенов,DE,ИП «Лапина»,email-96.rao.info,47666
1247,Вадим,Зуева,B,Гурьева Групп,desktop-93.novikov.ru,68675
1248,Раиса,Комарова,A,Транслом,srv-07.houm.biz,51916
1249,Нинель,Кузнецов,C1E,АО «Ефремова»,web-40.rao.biz,83786
1250,Клавдий,Воронова,Tm,РАО «Лапина»,lt-90.npo.ru,68188
1251,Оксана,Воронцов,DE,ООО «Лазарева»,srv-43.ao.org,31545
1252,Юлий,Лапина,Tb,ООО «Вишняков»,lt-32.ip.org,11873
1253,Харлампий,Мясников,DE,РАО «Степанов»,laptop-50.ooo.ru,83415
1254,Арсений,Новикова,CE,ЗАО «Суханова Буров и Мартынов»,desktop-63.oao.edu,73684
1255,Клавдия,Селиверстова,A,АО «Максимова Лыткина»,srv-85.oao.com,24791
1256,Артем,Красильникова,A1,Красцветмет,web-47.shilov.org,37745
1257,Демид,Морозов,M,ИП «Журавлева-Лукина»,desktop-12.rao.net,44453
1258,Виктория,Калашников,C1,ЗАО «Фомичева Маркова и Субботин»,lt-14.zao.info,16784
1259,Тихон,Тихонова,BE,ОАО «Крюков Кузьмин и Рожков»,db-04.npo.info,47626
1260,Любосмысл,Ильин,B1,РАО «Стрелков»,srv-61.ao.info,67497
1261,Ипат,Мишин,C1,Лихачев и партнеры,lt-98.efremova.net,58063
1262,Юлий,Коновалова,A1,ЗАО «Ефимова Суханова»,email-81.ao.org,52562
1263,Анисим,Шубин,D,ИП «Кириллова Карпова и Ковалев»,srv-51.oao.com,63960
1264,Тит,Баранова,Tm,ООО «Щукин»,email-33.oao.biz,84485
1265,Алексей,Дроздов,D1,Наумов Инк,email-86.gruppa.ru,72092
1266,Потап,Гусева,A,РАО «Самсонова-Фомичева»,laptop-01.rao.org,89531
1267,Василиса,Яковлева,C1,Лазарев Групп,desktop-67.zao.org,69690
1268,Платон,Гущин,D,DDS,email-18.npo.org,100000
1269,Милий,Кулакова,Tb,Белякова Лтд,laptop-01.ao.edu,16887
1270,Никодим,Королев,D1,АО «Белякова Михайлова»,srv-58.seliverstova.info,45076
1271,Наркис,Агафонова,D1,ЗАО «Наумов»,web-83.fg.org,42175
1272,Петр,Новиков,M,Сибирский антрацит,desktop-33.ip.biz,56600
1273,Ладислав,Никифоров,B,ИП «Филиппова-Стрелкова»,desktop-25.gushchina.org,45664
1274,Тамара,Гришина,Tb,РАО «Зиновьева Афанасьева»,lt-36.filippov.com,89504
1275,Сильвестр,Воробьева,C,ОАО «Дементьева Якушев»,lt-33.gk.edu,59665
1276,Андроник,Бирюков,D,ОАО «Корнилов-Доронин»,email-94.oao.biz,97996
1277,Данила,Герасимов,C1E,Денцу Эйджис Си Эс (Dentsu),desktop-34.oao.ru,49624
1278,Капитон,Ситников,C1,Колесникова Лтд,db-65.bobileva.edu,21100
1279,Ян,Шашков,D1,Такеда Фармасьютикалс (Takeda Pharmaceutical),web-94.rao.ru,31492
1280,Арефий,Федотов,A,ИП «Фокин Кудряшова и Шубина»,lt-25.bobilev.info,8114
1281,Святополк,Нестерова,Tm,Белуга Групп,lt-47.rao.biz,8417
1282,Аполлон,Евсеева,C1E,Селезнев и партнеры,lt-63.lukina.info,69918
1283,Всеслав,Беляев,D1,НПО «Авдеева»,email-39.ao.org,43997
1284,Силантий,Алексеев,C1E,НПО «Волкова Лукин и Силина»,desktop-51.ooo.biz,22672
1285,Пимен,Мишина,B1,Жданова Групп,email-81.rao.org,91493
1286,Алла,Гусев,B,ТД Риф,lt-26.bss.net,48935
1287,Творимир,Голубева,DE,ИП «Терентьева Новиков»,email-12.kari.org,62195
1288,Тимур,Щербаков,D1,АО «Селезнева-Шилов»,email-53.ao.biz,50381
1289,Зиновий,Селиверстова,CE,ОАО «Галкин Федоров и Михеева»,laptop-57.ooo.com,97550
1290,Селиверст,Мясников,B,ИП «Фомина Муравьева»,desktop-57.shilova.edu,22282
1291,Зиновий,Гришина,M,ООО «Королева-Матвеев»,email-13.volkov.edu,26818
1292,Потап,Маркова,A,Металлоинвест,db-31.rao.ru,48262
1293,Светозар,Беспалова,B1,ИП «Кузнецов-Чернова»,desktop-19.npo.com,80553
1294,Анастасия,Савельева,B,ОАО «Соколов Калинина»,laptop-25.npo.ru,47422
1295,Валентин,Рогова,D,ЗАО «Быкова Калинин»,email-80.maksimova.net,54595
1296,Сократ,Маслова,C1E,НПО «Сысоева»,lt-45.efremov.com,4590
1297,Нестор,Никитина,D,ООО «Беспалова»,db-08.nznp.edu,32845
1298,Ладислав,Щербакова,D1,ОАО «Никонов Лаврентьев и Лаврентьева»,email-47.ohk.com,82557
1299,Клавдия,Капустин,D,АО «Ефремов-Агафонов»,web-20.novorossiski.ru,8395
1300,Твердислав,Белова,A1,АО «Андреева Харитонов»,web-80.ribakov.edu,71425
1301,Агата,Меркушев,Tb,НПО «Юдина Белова»,lt-36.zao.ru,30309
1302,Светлана,Николаева,BE,ООО «Ширяева Логинова»,lt-78.gk.net,7665
1303,Дорофей,Егорова,C,Славянск Эко,web-83.ip.biz,63679
1304,Алевтина,Петрова,B1,ИП «Некрасов Ситникова и Дьячков»,desktop-50.npo.org,56422
1305,Феоктист,Сидорова,A1,Каменск-Уральский металлургический завод,db-87.yunipro.biz,93108
1306,Ульян,Сидоров,M,Роберт Бош (Robert Bosch),laptop-88.volkov.ru,10194
1307,Варлаам,Одинцова,B1,Родионов Групп,srv-88.oao.net,7504
1308,Харлампий,Дьячков,BE,РАО «Одинцов-Макарова»,web-80.ooo.org,42731
1309,Мечислав,Константинов,BE,ООО «Исаева Киселева и Елисеев»,desktop-79.oao.info,31137
1310,Лидия,Борисов,DE,Нижнекамскнефтехим,web-32.aleksandrova.edu,40469
1311,Ладимир,Родионов,C,ИП «Панов Медведев и Соболева»,web-30.npo.info,78547
1312,Мартьян,Лихачева,C1,Носова Инкорпорэйтед,laptop-11.npo.com,40071
1313,Наталья,Игнатьев,B1,Беркс,desktop-31.ip.biz,79541
1314,Панкрат,Колесникова,B1,Бобылев Лимитед,web-51.rao.info,49845
1315,Савватий,Шашков,BE,ООО «Зиновьева»,desktop-67.ip.edu,35548
1316,Евстигней,Калашников,CE,Игнатьев Инк,web-84.alkotorg.ru,16806
1317,Осип,Родионова,A,Зайцева Лимитед,desktop-77.gorshkova.edu,81737
1318,Рюрик,Бирюков,C1E,ИП «Куликова-Беляева»,db-09.komarov.com,66241
1319,Феофан,Савельев,A,Дорофеева и партнеры,web-66.nesterova.edu,88052
1320,Тимофей,Ковалева,C1E,ОАО «Мамонтов»,email-49.tagras.info,47929
1321,Прасковья,Васильева,M,ООО «Копылов Родионова и Суворова»,db-96.ip.org,56884
1322,Вацлав,Кузьмин,C,ЗАО «Абрамова Исаева»,lt-58.ip.org,86183
1323,Ерофей,Воробьева,C,ООО «Крюкова»,desktop-14.ooo.net,8274
1324,Эммануил,Захаров,CE,ООО «Лыткин Сидоров»,laptop-62.evseeva.net,36798
1325,Екатерина,Федорова,B,Т2 РТК Холдинг,laptop-05.oao.ru,91692
1326,Осип,Лаврентьев,C1E,ОАО «Турова Горбачева и Петухова»,email-53.zao.com,89379
1327,Викторин,Морозова,A,РАО «Романов-Антонов»,web-18.ao.info,91610
1328,Никандр,Хохлов,D,АО «Кулагина Пономарев»,srv-28.ao.biz,96598
1329,Ростислав,Воронов,Tb,РАО «Носкова»,web-22.ip.edu,87212
1330,Никон,Герасимова,Tb,ООО «Лаврентьев-Сидорова»,desktop-98.rossiskaja.org,2920
1331,Евфросиния,Мясников,D1,ООО «Карпова Бобров и Лыткин»,lt-77.oao.biz,80530
1332,Иванна,Никифорова,CE,ЗАО «Киселева Щербакова и Брагин»,web-95.oao.com,47456
1333,Алла,Терентьева,D,ЭйчПи Инк (HP Inc.),laptop-08.rao.edu,63280
1334,Тихон,Воронов,DE,АвтоГермес,srv-80.sitibank.info,85759
1335,Нинель,Кузьмин,Tm,СК Росгосстрах,lt-81.npo.info,76829
1336,Онуфрий,Быкова,D1,Мосводоканал,web-99.investneftetred.biz,28091
1337,Валерий,Панова,D,Брагин Инкорпорэйтед,db-32.promsvjazbank.net,21159
1338,Дорофей,Щукина,B1,РАО «Муравьева Чернова»,web-91.ooo.info,92013
1339,Захар,Фокин,A,ИП «Шубин Евдокимов и Кириллов»,srv-91.zao.info,24687
1340,Анастасия,Суханова,M,ИП «Фомичева-Стрелков»,laptop-01.ooo.ru,30647
1341,Константин,Корнилов,M,ИП «Овчинников»,srv-35.oao.biz,33294
1342,Лучезар,Коновалова,D,Бургер Рус (Burger King),db-92.npf.edu,71451
1343,Якуб,Шилов,DE,Фадеева Лтд,laptop-75.ooo.org,33209
1344,Октябрина,Потапов,D,Группа ГАЗ,desktop-19.zinovev.org,81655
1345,Аполлон,Кулагина,A1,Лебедева и партнеры,srv-25.ao.com,94581
1346,Исидор,Денисов,A,НПО «Назарова Филатов и Харитонова»,laptop-61.ooo.net,49882
1347,Ипполит,Горбунова,D,Блохина Инкорпорэйтед,db-29.rao.com,64570
1348,Клавдия,Кузьмин,A,Волгоградэнергосбыт,srv-11.rao.edu,20031
1349,Авксентий,Меркушева,DE,ОАО «Егорова»,lt-34.zao.info,88024
1350,Велимир,Молчанова,BE,Красцветмет,laptop-97.setevaja.biz,86966
1351,Тарас,Алексеев,C,ОАО «Чернов Кулаков и Мамонтова»,desktop-96.oao.net,88942
1352,Модест,Гаврилова,B1,ЗАО «Кулаков Сорокина и Самсонов»,lt-13.zhuravlev.org,98845
1353,Евсей,Колобов,B1,ООО «Павлов Нестерова и Кабанов»,lt-76.rao.com,64684
1354,Андрей,Миронов,A,ОАО «Красильникова-Хохлова»,db-97.oao.info,7641
1355,Наталья,Ермаков,Tb,НПО «Федоров Петухов и Осипова»,db-66.ooo.info,1732
1356,Нифонт,Агафонов,BE,Банк Ак Барс,desktop-12.oao.com,84836
1357,Аскольд,Федорова,C1,Туров Инк,lt-37.ip.info,31264
1358,Сигизмунд,Степанова,C1E,Молчанова Лтд,email-62.ip.com,35082
1359,Нонна,Архипов,C1E,РАО «Рожкова Ефремова»,email-39.evraz.com,89276
1360,Роман,Дементьев,B,ЗАО «Кузьмина-Ковалева»,laptop-88.larionov.net,20796
1361,Харитон,Степанов,BE,Группа компаний Пионер,laptop-64.nikitin.com,37783
1362,Зиновий,Данилов,B1,РАО «Агафонова Анисимова и Морозов»,web-03.zao.org,42663
1363,Иларион,Дементьева,B,Пахомов Инк,web-01.rao.com,57380
1364,Радим,Макаров,C1,Промышленно-металлургический холдинг,desktop-97.zao.net,8348
1365,Пахом,Власов,D1,Дроздова Групп,srv-10.ooo.org,33635
1366,Парфен,Якушев,M,ООО «Жданов Гущин»,srv-74.ao.biz,17453
1367,Аггей,Куликова,B,РАО «Мартынова»,srv-73.stepanov.net,85807
1368,Лариса,Дмитриев,B1,ЗАО «Артемьев Федосеева»,web-21.oao.com,60417
1369,Тамара,Шестаков,A,РАО «Гордеева-Тетерина»,web-32.rao.net,41896
1370,Серафим,Куликова,C1,АО «Назаров Гусев»,desktop-99.oao.edu,26067
1371,Фока,Николаев,CE,АО «Никонова Родионов»,email-73.oao.org,51164
1372,Мефодий,Захарова,Tb,ЗАО «Лихачева-Маслов»,email-93.gk.com,94003
1373,Глафира,Жданова,C1,НПК Уралвагонзавод,desktop-07.oao.net,67635
1374,Касьян,Дроздова,D,ЗАО «Ковалева»,desktop-82.sibtred.biz,84643
1375,Севастьян,Никифоров,B,ИП «Ситникова-Зиновьев»,laptop-92.ip.biz,32382
1376,Адам,Родионов,BE,Крылов Групп,lt-99.zao.org,60329
1377,Милий,Шубин,A,ИП «Михеева-Дорофеева»,web-57.trest.ru,92885
1378,Натан,Дроздова,M,ИП «Макарова-Зимин»,lt-97.oao.com,46050
1379,Глафира,Орехов,C1E,ООО «Медведев»,srv-31.ao.edu,79466
1380,Антип,Шубин,C1E,Веселова Инкорпорэйтед,desktop-30.familia.edu,75852
1381,Константин,Ершов,C1E,ИП «Русаков»,desktop-73.aleksandrov.com,32120
1382,Натан,Дроздова,C,АО «Вишнякова»,desktop-20.filatov.net,99047
1383,Нестор,Галкина,A,ОАО «Архипова-Горшков»,email-88.poljakov.com,67566
1384,Максим,Егорова,Tm,ООО «Хохлова-Елисеев»,lt-47.ao.info,95662
1385,Татьяна,Селиверстова,M,Астон,desktop-93.oao.ru,79303
1386,Анастасия,Блинова,DE,РАО «Архипов»,srv-53.otisifarm.info,24409
1387,Фаина,Новикова,M,ИП «Лобанова-Родионова»,web-44.zao.com,39908
1388,Андроник,Комаров,A1,ОАО «Федосеев»,web-76.zao.org,78660
1389,Октябрина,Миронов,D1,Аптечная сеть 366,lt-50.rao.info,58636
1390,Селиверст,Семенова,C1E,Московский кредитный банк,web-96.ooo.info,27887
1391,Владислав,Романова,Tm,Юг-Авто,lt-23.ip.ru,31227
1392,Пимен,Рожков,A,ЗАО «Зиновьев»,laptop-06.zuev.info,69939
1393,Радован,Ефремова,CE,ИП «Дроздов-Павлов»,email-23.prokter.ru,95589
1394,Эммануил,Орехов,B,АО «Кудряшова Щербакова и Петров»,desktop-35.rao.info,88978
1395,Изяслав,Большакова,B,НПО «Носова»,lt-52.rao.edu,90276
1396,Станимир,Давыдов,B,Антонов Инкорпорэйтед,db-74.ip.biz,16820
1397,Александра,Рябова,DE,ОАО «Панов-Кузнецов»,srv-96.tgk-2.net,46164
1398,Евдоким,Якушев,CE,ЗАО «Васильева»,desktop-16.oao.com,16807
1399,Ия,Гуляева,Tm,ЗАО «Лаврентьева Наумов»,desktop-24.bikov.com,81424
1400,Трифон,Зиновьев,A1,ООО «Емельянов Лапина и Попов»,lt-61.fadeev.info,30730
1401,Валерий,Самсонова,D,Бурова Лтд,laptop-06.ooo.info,72268
1402,Сила,Иванов,D1,ИП «Владимирова Маслов и Никифоров»,lt-91.zao.ru,99783
1403,Эрнст,Романов,Tb,РАО «Силин Бобылева»,laptop-10.krastsvetmet.org,29562
1404,Милован,Попова,A1,ГК Автодилерство,web-53.zao.com,69169
1405,Милан,Гущина,C1,Группа Стройтрансгаз,email-56.ip.info,67355
1406,Феврония,Бирюков,D,РАО «Туров-Ефремов»,lt-95.ooo.edu,48744
1407,Эраст,Ковалев,BE,ИП «Коновалова-Петухов»,lt-97.gruppa.ru,6503
1408,Нина,Силина,DE,АББ (ABB),srv-18.maksimova.edu,72520
1409,Олимпиада,Харитонова,B1,Татнефть,web-20.emeljanov.com,28905
1410,Сократ,Капустина,B,РАО «Иванова»,db-25.ao.biz,76622
1411,Аристарх,Евдокимов,Tm,Уварова и партнеры,web-51.rao.org,97367
1412,Ульян,Селиверстова,M,АО «Мельников-Силин»,lt-80.energosbitovaja.org,7255
1413,Юлий,Суханова,A1,ОАО «Миронова Логинова и Крылов»,email-34.zao.com,79926
1414,Анисим,Кононов,C1,Шнейдер Электрик (Schneider Electric),desktop-81.oao.ru,44319
1415,Ерофей,Шашков,Tb,Дорофеева Лтд,laptop-95.zao.net,8344
1416,Терентий,Хохлова,A,ЗАО «Сорокин-Селезнев»,lt-17.chernova.info,69055
1417,Аким,Лапина,C1E,ИП «Некрасов»,desktop-62.rao.com,39339
1418,Галактион,Морозова,BE,Мобильные телесистемы,desktop-31.ip.net,18400
1419,Изот,Иванова,B1,НПО «Кулагина»,srv-36.gruppa.net,26064
1420,Кир,Цветков,DE,ОАО «Брагин Мухина и Соколова»,email-53.evseev.org,58957
1421,София,Кулагин,DE,РАО «Архипов»,laptop-65.isaeva.info,77188
1422,Александр,Голубев,CE,Борисова Лтд,desktop-87.nikitina.info,39165
1423,Авдей,Кириллова,C1E,АО «Лапин Носова»,web-29.npo.org,93749
1424,Амвросий,Большакова,DE,ЗАО «Морозов-Яковлева»,lt-64.ooo.ru,99800
1425,Трофим,Воробьев,A,Сахалин Энерджи,email-55.ao.edu,67072
1426,Аверьян,Осипов,DE,ООО «Королева Волков и Зайцев»,srv-69.porshe.biz,75570
1427,Евфросиния,Копылов,A1,ОАО «Белов-Доронин»,email-57.gruppa.ru,3583
1428,Влас,Беляева,A1,Ефимова Лимитед,email-59.knjazeva.info,58875
1429,Алевтина,Орлов,C,ЗАО «Филатова»,lt-91.ao.info,54504
1430,Феврония,Силина,C1,ИП «Никонова Соболев и Ситников»,lt-29.oao.ru,17750
1431,Лидия,Антонова,B1,ЗАО «Ершова Логинов и Нестерова»,web-98.npo.biz,21614
1432,Антонин,Колесников,BE,ОАО «Петрова»,srv-98.rao.edu,51280
1433,Любим,Русакова,DE,Федорова Инкорпорэйтед,db-32.rao.net,85055
1434,Евстигней,Хохлов,D1,ЗАО «Игнатов Дьячкова и Трофимов»,email-01.npo.net,94529
1435,Полина,Суворов,B1,Панов Лимитед,desktop-39.ao.biz,21625
1436,Пров,Харитонова,D,АО «Воробьев Филиппов»,email-24.ip.info,15622
1437,Савва,Белов,A1,ООО «Буров Сысоев»,web-01.ao.edu,54944
1438,Максим,Белов,Tm,ОАО «Филиппов Евсеев»,desktop-77.oao.org,62061
1439,Людмила,Субботин,DE,Юнипро (Uniper),web-38.rao.info,65771
1440,Леон,Костина,C,ОАО «Сафонов Михайлов»,lt-89.ip.com,37771
1441,Сергей,Морозов,D1,ЗАО «Субботина-Гуляева»,email-51.vorobeva.edu,65250
1442,Василиса,Игнатова,D,ООО «Никонов Кабанов»,email-79.rao.net,58666
1443,Ермолай,Лихачев,CE,ООО «Рожков»,lt-42.rao.ru,84910
1444,Федосий,Осипова,C1E,НПО «Ларионова-Котова»,lt-36.volkov.net,6499
1445,Сила,Коновалов,B1,ГК Невада (Самбери),laptop-51.rao.biz,75185
1446,Рюрик,Якушева,A1,НПО «Рыбаков Терентьев»,email-77.ooo.edu,96537
1447,Карп,Федосеева,B1,ИП «Мельников Вишняков»,desktop-22.setl.org,12260
1448,Феврония,Носков,B1,ОАО «Пономарев»,web-50.impeksneftehim.org,44363
1449,Анастасия,Суворова,Tm,Калинина Инк,srv-35.ip.net,39845
1450,Гостомысл,Максимов,DE,ЗАО «Копылов Куликова»,web-79.npo.edu,66449
1451,Викторин,Савин,C,НПО «Доронина Меркушев»,laptop-86.npo.com,88194
1452,Август,Колесников,B1,ОАО «Уваров Белозерова»,laptop-73.ip.biz,47769
1453,Виссарион,Блохина,BE,ООО «Ермаков Ковалева и Сидоров»,laptop-95.zao.info,49004
1454,Сергей,Лихачева,Tm,ИП «Зимин»,email-02.rao.ru,52216
1455,Карл,Крюкова,C,Чернов Групп,db-90.tehkompanija.net,80698
1456,Владимир,Беспалов,A,Отисифарм,desktop-77.medvedeva.biz,39475
1457,Григорий,Новикова,A1,Ситникова Групп,web-73.ooo.org,51260
1458,Наталья,Прохорова,C1,Овчинникова и партнеры,lt-22.bolshakova.ru,24092
1459,Агафон,Жданова,B1,Селиверстов Лимитед,email-39.oao.edu,30483
1460,Василий,Крюков,A1,Александров Инкорпорэйтед,desktop-25.yunipro.com,51985
1461,Иосиф,Орлов,A,АО «Галкин-Селиверстова»,laptop-71.ooo.net,10637
1462,Парфен,Субботина,A,ЗАО «Ширяева Емельянова»,lt-99.npo.com,92474
1463,Авксентий,Кузьмина,A1,АО «Крылова-Михайлов»,db-19.ooo.info,19886
1464,Орест,Дементьев,C,Снежная Королева,web-37.tsentr.org,32175
1465,Галина,Игнатьева,B,НПО «Исаков Савельева и Костина»,desktop-89.rao.net,95225
1466,Радислав,Прохорова,DE,РАО «Фокина-Антонов»,laptop-79.kamensk-uralski.ru,87468
1467,Аполлон,Лебедева,A1,АО «Щербаков-Григорьева»,laptop-11.ooo.net,62858
1468,Агафья,Логинова,Tm,ИП «Сысоева Колобова и Горшков»,lt-49.korporatsija.ru,15918
1469,Эрнест,Никифоров,A,РАО «Силин Захаров и Симонова»,web-03.ip.ru,71656
1470,Денис,Федоров,D,Самараэнерго,web-69.rao.info,3533
1471,Гремислав,Петухова,Tb,НПО «Кулаков Горбачева»,email-22.transkapitalbank.com,83626
1472,Максим,Казаков,BE,ОАО «Егорова Логинов и Соболева»,db-81.ip.edu,88515
1473,Лариса,Тимофеева,Tb,ОАО «Евсеева Крылов»,srv-48.rao.org,43320
1474,Агафон,Галкина,Tb,НПО «Харитонова-Михеев»,lt-75.yaguar.net,61479
1475,Тамара,Якушева,BE,АО «Алексеев-Воронов»,web-75.essiti.ru,32907
1476,Аникита,Максимов,CE,Самойлова Инкорпорэйтед,lt-18.rao.net,56406
1477,Остромир,Емельянова,C1E,Комиссаров Лтд,lt-98.sokolov.org,45600
1478,Виссарион,Казаков,Tb,НПО «Тихонов Колобов и Шашков»,srv-84.ooo.com,15037
1479,Алина,Тетерин,B,Зыкова и партнеры,desktop-54.npo.net,87777
1480,Изяслав,Титов,D1,АО «Волкова Гусев»,db-27.oao.org,33232
1481,Мартын,Маслова,D,ЗАО «Кононова»,srv-03.danilova.com,39815
1482,Геннадий,Иванова,M,АО «Шубин Колобов и Самойлов»,lt-03.russneft.com,87250
1483,Аверкий,Потапов,D1,ОАО «Кононов»,laptop-46.rosbank.biz,86014
1484,Ладимир,Котова,A1,ЗАО «Кононова Суханов и Фадеев»,email-58.ao.biz,36287
1485,Милован,Колобов,DE,РАО «Силина-Воронцов»,lt-48.ooo.org,67789
1486,Арефий,Осипова,D,Романов Инкорпорэйтед,web-22.ao.net,97346
1487,Спартак,Кононов,B1,Галкина Лтд,lt-55.nikiforov.org,51008
1488,Силантий,Сидорова,A1,Новикова Инкорпорэйтед,desktop-46.beluga.ru,87248
1489,Варвара,Галкина,C,ЗАО «Козлов»,db-68.bespalova.ru,56902
1490,Леонид,Устинова,C1,ЗАО «Устинов Давыдова»,db-69.tagras.net,65463
1491,Данила,Лукин,C1E,ГК Фаворит Моторс,email-74.gk.edu,36609
1492,Вениамин,Кондратьева,B1,ИП «Князев»,db-65.sibirskaja.info,55878
1493,Игнатий,Тетерин,C1E,АО «Блинов»,web-02.lobanov.info,4360
1494,Ананий,Кириллова,M,ЗАО «Потапова-Дементьева»,lt-09.fokina.ru,5373
1495,Сильвестр,Субботин,DE,ЗАО «Котов-Никитина»,srv-38.haritonov.edu,88773
1496,Ким,Борисова,A,НПО «Тихонова»,db-51.ip.org,65258
1497,Аггей,Прохоров,C1,ИП «Боброва Калинина и Логинова»,laptop-01.ip.com,34423
1498,Спиридон,Щукина,Tb,ЗАО «Козлова Аксенова и Баранов»,laptop-29.npo.edu,87737
1499,Владлен,Самсонова,A,ООО «Федотова Веселова и Крюков»,email-22.gala-form.edu,67134
1500,Серафим,Богданов,B,РТИ,laptop-27.npo.net,39841
1501,Ермил,Гаврилов,C1,Котов Групп,db-53.velikolukski.net,63401
1502,Мина,Зайцева,M,ЗАО «Алексеев-Васильев»,db-78.tsvetkova.net,16121
1503,Феофан,Королева,D1,Фомичев Групп,web-12.gruppa.biz,44741
1504,Стоян,Максимов,A,ГК Ташир,db-95.rao.ru,60372
1505,Любомир,Лазарев,B,НПО «Лапина Туров и Дьячков»,desktop-46.oao.biz,86879
1506,Прокл,Моисеев,D1,Громова Лтд,desktop-22.bank.edu,17590
1507,Савва,Селезнева,A1,Елисеева Инк,lt-31.panov.com,62125
1508,Елисей,Молчанов,C1,Жукова и партнеры,desktop-94.ao.edu,10029
1509,Карп,Гришина,M,АО «Евдокимова-Поляков»,lt-29.rao.com,80997
1510,Мартын,Степанова,BE,Баранов Лимитед,lt-03.ip.edu,10508
1511,Милица,Дорофеев,C,Титова Лтд,db-53.rao.org,91961
1512,Милован,Воробьева,BE,ИП «Фокина Фомичев»,lt-65.kulagina.edu,25727
1513,Лора,Никифорова,C1,Протек,desktop-48.oao.ru,88402
1514,Афиноген,Киселев,C1,ОАО «Фомина-Фокин»,email-05.oao.info,14817
1515,Натан,Белозерова,M,ИП «Степанов Панфилов»,srv-25.ip.edu,14931
1516,Елисей,Беспалов,C1E,ООО «Соловьева»,desktop-59.ao.ru,65275
1517,Гордей,Щербаков,A1,ОАО «Казаков Лебедев»,desktop-28.oao.net,33394
1518,Радислав,Петухова,C1,ОАО «Бурова Евдокимова и Силин»,desktop-41.polimetall.biz,71429
1519,Софрон,Лихачев,D1,ИП «Доронина-Комиссарова»,laptop-69.houm.ru,64814
1520,Сила,Филиппов,D1,Шестакова и партнеры,laptop-05.uralkali.biz,11367
1521,Мефодий,Беспалова,DE,ЗАО «Киселева Бобылева и Корнилов»,desktop-05.kuznetsov.org,6257
1522,Мирон,Осипова,M,Щукин Лтд,email-95.rao.info,59882
1523,Евгений,Евсеева,A,РАО «Пономарева»,lt-94.dmitrieva.edu,24903
1524,Тимофей,Ковалева,D1,Власов и партнеры,db-29.zao.org,76829
1525,Филимон,Большаков,Tb,Меркушева Инк,laptop-22.birjukova.org,56930
1526,Фортунат,Семенов,C,ОАО «Лихачева Миронова и Мухина»,db-60.ip.edu,70196
1527,Ювеналий,Наумов,M,ОАО «Юдина Кудряшов и Моисеева»,laptop-08.eliseev.edu,85491
1528,Леонтий,Афанасьева,Tm,ООО «Матвеев Гаврилова»,laptop-00.rao.ru,23859
1529,Клавдий,Кондратьева,DE,ИП «Белоусова Кондратьева»,desktop-67.ao.edu,28022
1530,Кирилл,Турова,C1E,ООО «Беляев Молчанова»,db-81.oao.net,41517
1531,Анна,Лобанова,DE,ООО «Кулагин Тарасова»,email-52.metrostro.biz,95477
1532,Ерофей,Кудряшова,M,ВкусВилл,email-42.rosbank.com,5397
1533,Дарья,Лапина,C,ЗАО «Кулаков Устинов»,srv-58.smirnova.net,45262
1534,Порфирий,Котов,D1,ОАО «Русакова»,db-21.ooo.net,80488
1535,Епифан,Чернов,Tb,СНПХ,desktop-18.ooo.biz,19335
1536,Евгений,Николаева,D,UCL Holding,lt-34.komus.com,7234
1537,Лука,Быкова,M,ИП «Тихонова»,db-50.davidov.ru,95069
1538,Аристарх,Фомин,D1,Селезнев Инк,email-42.oao.net,5488
1539,Маргарита,Зиновьев,D,ООО «Блохин Князев»,desktop-53.megafon.info,61576
1540,Викторин,Стрелков,CE,Азур Эйр,laptop-16.npo.biz,7547
1541,Игнатий,Быков,CE,Транстрейдойл,lt-37.ao.org,12763
1542,София,Моисеев,DE,ОАО «Гуляева Игнатьев»,desktop-02.ip.edu,79425
1543,Ульяна,Михеева,A,Гришина Инкорпорэйтед,laptop-12.ip.biz,39521
1544,Радован,Калинина,C1,Объединенная авиастроительная корпорация,web-67.npo.edu,45454
1545,Любим,Давыдова,C1E,РАО «Костина Макарова и Комаров»,desktop-76.oao.edu,70479
1546,Марина,Сысоев,BE,ОАО «Галкина Журавлева и Калинин»,lt-68.ip.edu,49608
1547,Ангелина,Михеев,Tb,Буров Инк,laptop-02.rao.org,94248
1548,Еремей,Ларионов,C1,ЗАО «Гущин-Костина»,laptop-00.rao.ru,44200
1549,Адриан,Кошелева,A,НПО «Иванов Корнилова и Жукова»,web-96.npo.biz,69529
1550,Дмитрий,Орехова,C1E,НПО «Тарасов Сысоев и Мартынова»,lt-14.zao.biz,28610
1551,Эрнест,Кузьмин,C1E,ЗАО «Рожкова Мартынова и Мартынова»,web-57.orlov.com,36146
1552,Андрон,Егорова,C1,АО «Ларионов Трофимова»,lt-16.npo.net,20343
1553,Осип,Аксенова,B,Антонов и партнеры,desktop-69.prioskole.com,89753
1554,Эрнст,Зиновьева,C1,ЗАО «Ильин»,email-15.faberlik.com,21343
1555,Прокл,Агафонова,Tb,НПО «Лихачева-Блохина»,laptop-48.rao.org,5544
1556,Ананий,Лаврентьева,A1,ИП «Жукова Соболева и Кулагин»,srv-45.npo.edu,13486
1557,Савва,Филиппов,C1,ИП «Капустин-Савельева»,email-03.rao.biz,22978
1558,Любосмысл,Карпова,Tm,РАО «Лаврентьев-Горбачев»,lt-01.subbotin.info,28021
1559,Мирослав,Васильева,D,ОАО «Шашкова Красильников и Королева»,db-12.fadeev.biz,13771
1560,Викторин,Воронцов,B,НПО «Дорофеев Денисова»,desktop-27.tgk-2.org,60297
1561,Алевтина,Федотов,BE,РАО «Вишняков-Николаев»,web-66.soboleva.org,57685
1562,Борис,Коновалова,M,ЗАО «Мартынова-Гришина»,desktop-05.gruppa.com,39007
1563,Феофан,Суханова,A1,АО «Прохоров Блинов»,email-32.kazakova.info,83660
1564,Остап,Кулагина,Tb,АО «Евсеева Симонов и Самсонова»,lt-29.oao.edu,66889
1565,Ким,Кузнецов,D1,Абрамова Лтд,srv-23.firma.ru,79069
1566,Измаил,Мамонтов,C1,Сингента (Chemchina),db-29.zao.ru,19595
1567,Иван,Кузнецова,C1E,ИП «Уварова-Игнатов»,lt-79.oao.com,60738
1568,Капитон,Дмитриев,D,Мамонтов Лимитед,web-22.oao.com,2474
1569,Руслан,Кузьмина,M,Башкирэнерго,srv-62.kolesnikov.ru,81703
1570,Елена,Ильина,A,Тинькофф Банк,db-95.ao.ru,60965
1571,Нестор,Степанова,BE,НПО «Пахомова Панфилова и Мухин»,laptop-95.npo.com,77771
1572,Фотий,Федотов,Tm,НПО «Дементьев»,email-85.ao.ru,12019
1573,Конон,Ширяева,Tm,РАО «Емельянов Самсонов и Комаров»,srv-53.giperglobus.ru,7240
1574,Андрей,Матвеев,C1E,ООО «Куликов Самойлова»,email-29.roszheldorproekt.info,98787
1575,Виктория,Ильин,C1,НПО «Гущина-Меркушев»,db-82.rao.net,32351
1576,Аникей,Рогова,Tb,КМР и СНГ (KIA),lt-22.ip.info,15283
1577,Филимон,Афанасьева,Tm,АО «Герасимов-Лыткин»,srv-96.oao.org,72423
1578,Максимильян,Федосеева,B1,ЗАО «Ильина-Капустина»,db-63.zao.net,49293
1579,Ферапонт,Мясников,C1,Крюкова и партнеры,desktop-35.ao.org,33236
1580,Карл,Шашков,C,Сафонова Групп,desktop-39.belgrankorm-holding.com,39073
1581,Август,Семенов,Tm,Артис-Агро Экспорт,web-36.zao.ru,74335
1582,Ипатий,Гаврилов,C1,АО «Гурьева»,laptop-37.burger.info,8678
1583,Вадим,Миронова,B,Цветкова Инк,web-82.oao.ru,43484
1584,Александр,Яковлева,M,Российская электроника,srv-34.zao.net,19924
1585,Якуб,Мартынова,Tb,ООО «Третьяков-Дьячков»,db-51.zao.biz,99360
1586,Борислав,Громов,Tb,НПО «Анисимова Ершов»,srv-48.npo.info,27209
1587,Август,Ситникова,A,ООО «Зиновьев-Беляев»,srv-57.roskosmos.com,19234
1588,Панкратий,Артемьев,C1,171 Меридиан,email-68.ooo.org,37656
1589,Тарас,Соболева,DE,ООО «Цветков Комиссаров и Цветкова»,db-52.zao.biz,59957
1590,Касьян,Белова,C,Тимофеева Инк,desktop-14.ao.ru,75379
1591,Амвросий,Ершова,CE,ООО «Ильина Горбунова»,srv-08.ooo.info,66711
1592,Антонин,Орехова,C1E,РАО «Семенов-Никифорова»,email-66.oao.biz,59070
1593,Матвей,Колесникова,Tb,АО «Сысоева Шубин»,laptop-95.neftehimservis.org,23656
1594,Никифор,Киселева,DE,СОГАЗ,laptop-18.oao.edu,68642
1595,Юлиан,Анисимов,D,НПО «Фомина Борисова»,lt-21.ooo.edu,66976
1596,Нифонт,Капустин,C,Самсунг Электроникс Рус Калуга (Samsung),lt-05.ooo.biz,45854
1597,Иннокентий,Исаков,B1,ЗАО «Крылова-Бурова»,desktop-81.chtpz.org,77997
1598,Иванна,Фомичева,B1,Антонова Лтд,email-15.zao.com,28298
1599,Зосима,Блохина,B,ОАО «Горбачев»,laptop-12.ao.ru,36752
1600,Аникей,Щукин,C1,РАО «Ершова Доронин»,laptop-25.zinovev.org,75075
1601,Ладислав,Одинцова,C1E,ОАО «Бирюков»,laptop-82.fedotova.com,74142
1602,Аполлон,Кононов,M,РАО «Кузьмина-Максимов»,srv-30.zao.org,76285
1603,Ярополк,Федотов,B1,Бирюкова Инк,email-01.orlov.com,19879
1604,Бронислав,Орлов,BE,АО «Игнатьева»,desktop-74.ooo.com,26574
1605,Никифор,Киселев,B,ЗАО «Соболев Комиссаров и Воронцова»,email-56.ao.biz,67987
1606,Любосмысл,Дорофеева,CE,ООО «Беспалова-Никитин»,laptop-54.oao.info,64666
1607,Симон,Копылова,B,Хендэ Мотор СНГ (Hyundai),web-60.zao.ru,17528
1608,Вышеслав,Красильникова,Tm,ЗАО «Крылова Куликов и Архипова»,lt-05.zao.edu,48907
1609,Агафья,Михеев,D,ОАО «Матвеева Сидоров и Корнилов»,desktop-20.zao.ru,31789
1610,Елизавета,Блинов,CE,НПО «Гусев»,email-36.aviakompanija.ru,22432
1611,Алевтина,Аксенов,Tb,РАО «Сафонов»,desktop-28.danon.com,88240
1612,Оксана,Шубина,Tm,РАО «Петрова Дорофеев и Прохорова»,srv-04.ip.com,44156
1613,Марина,Фадеев,C,ОАО «Вишнякова»,desktop-77.ooo.com,11721
1614,Осип,Овчинникова,D,ООО «Соколов-Колобова»,desktop-03.rao.biz,13998
1615,Дмитрий,Миронова,A,РАО «Мартынов-Гурьева»,email-78.zao.com,83981
1616,Венедикт,Быков,C1E,Архипова Лтд,srv-22.ooo.org,74012
1617,Платон,Тимофеев,M,НПО «Гришин»,srv-90.ooo.info,29220
1618,Фома,Галкин,Tb,АО «Устинов-Журавлев»,laptop-95.zao.net,13972
1619,Елена,Харитонов,Tm,ООО «Лапина»,web-50.rao.ru,63716
1620,Алла,Пономарева,D1,АО «Рогова-Мамонтова»,lt-74.sibirski.ru,85490
1621,Викторин,Нестерова,B,ЗАО «Королев»,db-40.ip.net,29173
1622,Твердислав,Герасимова,D1,ИП «Николаев Давыдова»,laptop-61.rao.com,31985
1623,Куприян,Бурова,B,ООО «Кудрявцева Мельникова»,web-58.npo.com,94481
1624,Влас,Ширяев,C1,Ферронордик машины (Ferronordic),web-57.borishof.edu,53543
1625,Натан,Уваров,C,ГК Агропромкомплектация,srv-01.zao.biz,15539
1626,Карл,Цветкова,A,НПО «Ершова Степанов»,desktop-48.metallservis.org,69745
1627,Мечислав,Богданова,D1,Калашников Групп,lt-22.ooo.com,97952
1628,Мариан,Симонова,DE,ОАО «Фролова Афанасьева»,desktop-83.oao.org,41652
1629,Ипполит,Корнилов,D1,Каменск-Уральский металлургический завод,db-22.oao.biz,64636
1630,Евфросиния,Дементьева,C1E,ОАО «Кулаков-Попов»,email-44.krasnodarzernoprodukt-ekspo.biz,53927
1631,Пимен,Комаров,BE,Потапов Групп,lt-59.zao.edu,80195
1632,Дементий,Баранова,B,ОАО «Блинов Селезнев»,lt-33.zao.org,30654
1633,Валентина,Ильин,D1,ООО «Федотов-Чернова»,lt-72.gazprom.edu,14259
1634,Будимир,Воронов,BE,НПО «Евдокимов Сафонова»,lt-72.ip.info,18503
1635,Гурий,Тетерин,DE,Савельев Инкорпорэйтед,db-63.npo.com,23961
1636,Вера,Рожкова,C1,РАО «Воронов-Бобров»,email-32.npo.edu,63246
1637,Борис,Денисова,BE,ИП «Исаев Рогова»,desktop-14.ip.org,13095
1638,Мокей,Гришин,A,ЗАО «Осипова»,desktop-53.ip.com,84555
1639,Галина,Кабанова,DE,Дьячков Лимитед,srv-78.oao.ru,67205
1640,Глеб,Большакова,C1,ИП «Пестова Самсонов и Куликов»,email-08.ooo.edu,21063
1641,Андрей,Макаров,M,ИП «Селиверстова»,desktop-16.melnikov.info,2009
1642,Михаил,Филатов,A1,НПО «Галкин-Пестова»,lt-38.ip.ru,21328
1643,Аполлон,Фомичев,B1,РАО «Давыдова»,web-91.simonov.net,96070
1644,Юлиан,Фомичев,Tm,ОАО «Самсонов»,db-50.gk.biz,61804
1645,Федот,Савельев,Tm,Карелия Палп,lt-38.ip.ru,23943
1646,Игорь,Романов,BE,Еврохим,db-91.ao.org,93606
1647,Виталий,Рыбаков,DE,АО «Власова»,email-94.tmk.edu,34604
1648,Антип,Миронов,CE,РАО «Ситникова Григорьев»,laptop-53.gureva.org,32210
1649,Юрий,Казакова,B,ООО «Гаврилов Гуляева и Ершов»,laptop-26.kamensk-uralski.edu,71613
1650,Иннокентий,Комиссарова,C1,ООО «Панфилов Лыткина»,laptop-68.ooo.edu,65951
1651,Панкратий,Стрелков,A1,РАО «Лаврентьева Мухин»,laptop-65.mironova.net,37627
1652,Спартак,Константинов,C1E,ОАО «Блохин-Ширяев»,web-00.kubanskaja.info,5324
1653,Карл,Комиссарова,DE,ИП «Фомичева»,laptop-81.takeda.biz,66004
1654,Ерофей,Александрова,C,ОТП Банк,laptop-05.ao.org,5826
1655,Ксения,Капустин,D1,ОТП Банк,desktop-14.zao.edu,56647
1656,Ермолай,Быкова,A1,ИП «Ларионов Галкина»,web-84.enel.net,75580
1657,Рюрик,Колобов,A,ООО «Комиссаров»,web-63.ech.edu,71924
1658,Поликарп,Беспалов,C,АО «Самсонова»,email-38.ooo.biz,4868
1659,Панкрат,Кононов,D1,АО «Романова Иванова и Симонов»,db-69.beljakov.net,98105
1660,Евсей,Григорьева,D,ОАО «Фомичева»,web-07.ooo.com,28074
1661,Агап,Жданов,C1E,Суханов Групп,db-10.rao.edu,36568
1662,Данила,Турова,B1,Воробьев Инкорпорэйтед,desktop-88.zao.com,38765
1663,Агата,Мухина,BE,Комиссарова Инкорпорэйтед,laptop-88.trofimova.edu,56252
1664,Евстигней,Сорокин,D,Дорофеева Лтд,web-60.ooo.biz,67256
1665,Сидор,Сидорова,C1E,АО «Калашников»,email-66.ip.biz,36267
1666,Татьяна,Михеев,DE,РАО «Блохин-Карпова»,web-78.rao.edu,13071
1667,Мария,Лукин,D1,Морской терминал Тамань,srv-87.ip.org,2423
1668,Аникей,Ефремова,D1,ОАО «Мясникова Копылова и Беляков»,srv-81.ooo.org,64588
1669,Андрон,Игнатова,B1,НПО «Нестерова Гущин»,laptop-09.ip.ru,11078
1670,Родион,Сергеев,A1,Александров Лимитед,srv-02.ip.net,96266
1671,Валентина,Шестакова,Tm,АО «Громов Кулагин»,db-95.oao.edu,38602
1672,Глафира,Филиппов,C1,ООО «Исаков Воронова»,lt-23.es.net,55401
1673,Милий,Беляков,CE,Наумов Групп,web-13.beljaeva.biz,68145
1674,Филимон,Шарапова,C1,ООО «Гаврилов-Громов»,laptop-08.ooo.info,12026
1675,Нина,Тихонова,Tm,ЗАО «Тихонов Гришин»,lt-01.ooo.net,69386
1676,Силантий,Шарапова,A1,Коновалова и партнеры,srv-97.ip.ru,9540
1677,Климент,Петров,Tb,РТИ,srv-04.npo.org,90241
1678,Карл,Колесников,Tb,ООО «Кошелева Блохина»,srv-78.zao.biz,11690
1679,Чеслав,Кулагина,B1,ООО «Боброва-Афанасьева»,email-63.rao.ru,24561
1680,Геннадий,Поляков,DE,АО «Семенова Мельникова»,laptop-75.oao.edu,97219
1681,Савелий,Колобов,C1,РАО «Белов»,web-22.zao.biz,89169
1682,Зиновий,Белякова,B1,ООО «Корнилова Фомин и Гусева»,email-54.zao.org,40677
1683,Лучезар,Агафонова,M,РАО «Мельникова-Николаев»,lt-09.irkutskaja.net,25718
1684,Павел,Попов,C1E,РАО «Карпова-Игнатова»,email-37.zimin.net,10412
1685,Ефрем,Юдин,D,ВО ЖДТ России,laptop-08.rao.biz,96559
1686,Серафим,Гордеев,B,Фаберлик,web-85.uvarov.info,28378
1687,Ираклий,Кошелев,B1,ИП «Куликова Назаров и Самсонова»,web-16.oao.ru,71422
1688,Всеслав,Федотова,A,УГС,desktop-74.ao.biz,66088
1689,Викентий,Якушев,B1,Веселов Инк,laptop-53.ao.info,32291
1690,Лазарь,Павлова,DE,НПО «Горбачев Зуев и Ларионова»,laptop-77.rao.net,30866
1691,Харитон,Игнатьева,Tb,РАО «Некрасова-Блохин»,laptop-54.miratorg.com,50831
1692,Адам,Лазарева,B1,ООО «Коновалова-Турова»,srv-17.gruppa.info,92034
1693,Эраст,Тетерин,B1,Данилов Групп,desktop-28.qiwi.biz,41821
1694,Юрий,Шарапов,C,НПО «Щербаков Фролов и Кудряшова»,db-74.rao.edu,16154
1695,Мокей,Моисеева,C1E,Комиссарова Инк,lt-08.arkonik.ru,67183
1696,Светозар,Стрелков,B1,ОАО «Смирнов-Дроздова»,lt-28.npo.ru,40328
1697,Афиноген,Сазонова,D,ООО «Ильин Виноградова»,lt-84.golubev.biz,85552
1698,Вениамин,Гуляева,B1,ИП «Дорофеева»,srv-26.ao.info,20113
1699,Анатолий,Галкина,C,ИП «Воронов-Гордеева»,lt-70.vorobev.com,77088
1700,Евгения,Васильев,M,ООО «Кононов-Якушев»,email-14.oao.org,1474
1701,Галина,Красильников,A,НПО «Савельев»,srv-83.belousov.org,81388
1702,Серафим,Харитонова,A1,АО «Куликова Петухова и Баранова»,db-68.ip.ru,8486
1703,Адриан,Дроздова,Tm,НПО «Ефимова»,db-22.bespalova.ru,48911
1704,Нинель,Воробьев,CE,Сатурн-Р,srv-64.oao.net,84712
1705,Рубен,Шарапов,B1,ООО «Трофимова-Моисеева»,web-14.salim.org,40128
1706,Ангелина,Гусева,B,ЗАО «Борисова Королева и Сафонова»,laptop-68.rao.net,21879
1707,Марина,Комиссаров,Tm,ИП «Воронова»,desktop-38.tgk-16.net,24634
1708,Селиван,Шилов,D,РАО «Шарапова Турова»,web-19.ip.com,80420
1709,Кондрат,Зыкова,D1,РусГидро,srv-12.npo.org,47089
1710,Доброслав,Кузьмина,D1,ОАО «Фадеев Калинин»,db-63.ip.net,65578
1711,Доброслав,Овчинникова,D,ЗАО «Кабанова»,laptop-28.potapov.com,30627
1712,Савва,Суворов,B1,ИП «Евсеева Максимов и Шашкова»,lt-97.rao.org,80353
1713,Вышеслав,Киселев,D,ОАО «Елисеева-Виноградов»,srv-39.surgutneftegaz.net,17988
1714,Кузьма,Рябов,M,Лазарева Лтд,laptop-44.grigoreva.ru,15557
1715,Макар,Козлова,D1,ИП «Белозерова Архипова»,db-90.ooo.ru,79653
1716,Адриан,Соловьева,DE,АО «Матвеева-Гордеев»,laptop-98.ooo.com,45447
1717,Ферапонт,Попов,D1,Быкова Групп,desktop-53.ip.biz,71969
1718,Варвара,Стрелков,B,НПО «Потапов Наумов»,lt-17.ooo.net,69452
1719,Всеслав,Шарапова,Tm,ЗАО «Николаев Медведева»,db-37.oao.ru,17976
1720,Терентий,Васильева,M,ИП «Богданова-Носова»,srv-06.avtovaz.com,41726
1721,Вышеслав,Сергеев,DE,АО «Макарова Сорокина»,laptop-78.ao.com,20570
1722,Алла,Тимофеев,D1,ОАО «Сорокин Егорова»,desktop-01.rao.org,60892
1723,Оксана,Кошелев,B,ИП «Абрамова»,lt-20.ilin.ru,37439
1724,Афиноген,Терентьева,A,Объединенные кондитеры,desktop-42.npo.org,38484
1725,Онуфрий,Титова,Tb,ОАО «Селезнев Лихачева»,lt-17.farmkomplekt.biz,78430
1726,Исидор,Субботина,C1,ООО «Молчанов-Громов»,srv-77.veselov.edu,34897
1727,Антип,Федорова,D1,НПО «Маслов Григорьева»,laptop-65.zavod.biz,17160
1728,Кондрат,Полякова,C,АО «Колобов-Сидорова»,web-18.en.edu,22917
1729,Ферапонт,Костина,D,ИП «Зуева»,db-88.npo.org,32833
1730,Харлампий,Ермаков,D,Русснефть,db-19.zao.info,93768
1731,Сидор,Цветков,C1,Костина Групп,web-47.zao.com,5274
1732,Григорий,Фадеева,M,ЗАО «Гришин»,email-90.ooo.edu,2479
1733,Зосима,Сысоева,C,ОАО «Попова»,email-88.ip.net,65061
1734,Моисей,Смирнов,B,СНПХ,laptop-16.npo.org,68752
1735,Феликс,Макаров,M,ООО «Якушева»,db-37.eliseeva.edu,24726
1736,Ярослав,Исаков,B1,АО «Рыбаков Павлов»,lt-34.rao.edu,26044
1737,Кир,Фадеев,B1,Райффайзенбанк (Raiffeisen),email-19.ab.ru,38040
1738,Константин,Корнилов,M,ООО «Максимова Доронина»,web-82.oao.net,58135
1739,Никандр,Меркушев,A1,ЗАО «Жданова Стрелкова и Кириллова»,srv-29.rao.ru,25313
1740,Сигизмунд,Цветков,DE,ИП «Хохлова Кудрявцева и Осипова»,laptop-81.npo.ru,83098
1741,Пахом,Ковалев,B1,НПО «Зимина Семенова»,web-08.ip.ru,86068
1742,Корнил,Петрова,C,Белуга Групп,lt-71.rao.biz,31999
1743,Стоян,Бирюков,M,ИП «Мухин-Кулагина»,laptop-32.ao.info,3356
1744,Семен,Кошелева,Tb,РАО «Рогов Осипова»,laptop-37.panov.com,20399
1745,Нонна,Молчанов,B1,Гаврилова Групп,laptop-94.ao.net,38730
1746,Остромир,Тихонова,C1,НПО «Лыткин»,desktop-46.zao.net,68611
1747,Дмитрий,Гурьева,BE,НПО «Кузьмин Кузнецов»,web-31.ip.ru,68716
1748,Мефодий,Корнилов,B,АО «Виноградов»,laptop-30.megafon.edu,93225
1749,Нестор,Зыков,Tb,РАО «Жукова Гусева»,web-45.rao.ru,31021
1750,Федор,Ильина,B,ООО «Кириллова-Мухина»,desktop-97.zao.biz,39392
1751,Орест,Киселев,D,Старттех,srv-40.zao.ru,71114
1752,Фока,Журавлев,D1,ООО «Ильин Дьячков»,laptop-89.suhanov.info,38701
1753,Поликарп,Пестова,DE,Лаврентьева Лимитед,laptop-82.rao.edu,66957
1754,Алина,Гущин,A1,Воронов Лимитед,laptop-36.npo.info,67647
1755,Тихон,Князев,C1E,РАО «Никифорова Моисеев»,db-89.oao.edu,53514
1756,Кир,Маркова,A1,Морозова Лтд,desktop-88.npo.net,49622
1757,Евстигней,Владимиров,C1,ОАО «Гаврилова»,srv-71.ip.com,28265
1758,Афиноген,Кулакова,DE,Богданов Групп,desktop-04.ao.org,57763
1759,Всеволод,Матвеев,A1,Жукова и партнеры,srv-30.zao.com,21538
1760,Светлана,Меркушева,DE,ИП «Назарова Меркушев и Елисеева»,web-11.npo.ru,49959
1761,Наталья,Соколова,CE,ООО «Воронцова Захаров и Егоров»,web-02.ip.net,55178
1762,Марк,Владимиров,C1,ИП «Дорофеев Доронина»,email-81.pkf.info,50363
1763,Изот,Ильина,C1E,Рыбакова и партнеры,srv-16.npo.edu,64325
1764,Савелий,Шилова,DE,АО «Антонов Герасимова»,srv-86.gk.org,79543
1765,Дементий,Воробьев,B1,ИП «Сорокина-Родионова»,lt-55.oao.ru,24364
1766,Григорий,Наумов,C1,ООО «Одинцова»,db-50.oao.ru,77582
1767,Гурий,Панов,DE,ЗАО «Беспалова Гуляева»,laptop-71.npo.edu,57606
1768,Софон,Селезнев,C,ОАО «Горшков»,email-66.vladimirova.biz,21875
1769,Ананий,Пономарева,DE,ИП «Федосеева-Лыткин»,lt-96.ooo.biz,4648
1770,Анжелика,Куликова,A1,НПО «Муравьева»,desktop-82.kamaz.edu,99578
1771,Силантий,Боброва,DE,Softline,lt-00.ooo.net,8453
1772,Никанор,Зыков,Tb,АО «Колобова»,db-29.vishnjakov.com,15228
1773,Измаил,Пестова,Tm,Овчинникова Групп,desktop-18.oao.net,60642
1774,Владислав,Макарова,M,Кудрявцев Групп,desktop-45.oao.org,10128
1775,Климент,Быков,C,РАО «Никитина Власова и Пономарева»,desktop-69.oao.com,63266
1776,Зинаида,Архипов,M,РАО «Мясникова»,email-38.npo.info,51693
1777,Гурий,Пестов,A1,ЗАО «Родионов»,web-71.fedotov.org,49315
1778,Вацлав,Богданов,C,АО «Потапов Миронова»,laptop-34.npo.biz,47826
1779,Парфен,Архипов,CE,ОАО «Шарапов-Галкин»,laptop-80.npo.info,13248
1780,Галактион,Аксенов,CE,АБ Инбев Эфес (Anheuser-Busch Inbev),desktop-37.zao.org,82295
1781,Павел,Кудрявцева,BE,Русагро,srv-02.zao.ru,4542
1782,Панфил,Щербаков,Tb,Волкова и партнеры,email-91.npo.biz,71158
1783,Карп,Гусева,B,Гордеева Лимитед,desktop-76.arkonik.ru,27982
1784,Тарас,Зайцев,A,ООО «Полякова»,srv-66.ip.edu,33360
1785,Виссарион,Нестеров,D,Зыкова Инкорпорэйтед,web-61.segezha.net,19254
1786,Яков,Пахомов,A1,Группа Магнезит,lt-34.ip.org,20082
1787,Аверкий,Агафонов,M,Колобова Инк,db-26.rao.ru,50317
1788,Радим,Горбунов,C,Зимин Лимитед,srv-74.ao.com,1560
1789,Никон,Фролова,A1,Кириллов Инкорпорэйтед,laptop-48.zao.com,85856
1790,Таисия,Жукова,CE,Самойлов Инкорпорэйтед,email-65.transtredol.info,91686
1791,Милен,Пахомова,B1,ООО «Владимирова Шубин»,desktop-33.rao.info,38556
1792,Демид,Харитонов,Tm,НПО «Жданов Владимирова и Щукин»,db-24.npo.biz,65310
1793,Юлиан,Максимов,C,НПО «Фомичев»,email-62.zao.biz,2121
1794,Анисим,Хохлова,C,ЗАО «Елисеев Тихонов»,laptop-56.npo.org,15480
1795,Никанор,Шубина,B,Елисеев Лимитед,lt-66.miratorg.edu,81214
1796,Симон,Данилова,Tb,ОАО «Дмитриева»,db-58.ao.biz,3639
1797,Ананий,Ершова,B,РАО «Белозеров Большакова»,desktop-66.sistemni.info,6674
1798,Бажен,Гордеева,D,ООО «Крюков Буров»,srv-26.zao.org,44572
1799,Пантелеймон,Горбачев,B,ОАО «Ильин»,web-07.kalinina.ru,24107
1800,Милен,Гуляев,C,РАО «Белозеров Дорофеев»,db-73.alekseeva.info,16969
1801,Любосмысл,Меркушева,Tb,ИП «Сафонова»,desktop-46.rao.org,75295
1802,Остап,Медведев,BE,ОАО «Соболев-Турова»,web-26.oao.com,30104
1803,Иннокентий,Трофимова,DE,НПО «Ларионова-Селиверстов»,db-63.zao.net,18740
1804,Фирс,Исакова,C1E,Группа Эссен,web-20.emex.edu,36144
1805,Виктория,Пономарева,B1,Кондратьева Лимитед,srv-23.zao.org,67873
1806,Прохор,Стрелков,C,НПО «Кононова Кононов»,email-40.zao.edu,25924
1807,Владислав,Николаев,CE,НПО «Фролов Коновалова и Петухов»,laptop-00.trofimova.edu,19215
1808,Амос,Суворов,CE,ООО «Терентьева Ковалев»,laptop-95.ooo.ru,70939
1809,Святослав,Колобова,B,РАО «Горбунов Соколова и Зыков»,desktop-56.oao.org,16167
1810,Архип,Ситникова,A1,ООО «Овчинникова»,laptop-51.alekseev.ru,76008
1811,Артемий,Матвеев,B,ИП «Степанов Кошелев и Уварова»,db-93.rosatom.biz,8833
1812,Будимир,Копылов,A1,Никитин Лимитед,desktop-36.ooo.net,88278
1813,Милен,Виноградова,C1,ИП «Макаров Николаев и Суханов»,db-07.renessans.org,65823
1814,Ювеналий,Пономарева,Tb,Башкирская содовая компания,desktop-93.npo.edu,43781
1815,Зинаида,Калашников,Tm,Кондратьева и партнеры,srv-98.npo.ru,61258
1816,Денис,Носкова,C1,ЗАО «Ермаков»,laptop-93.ip.edu,74766
1817,Авксентий,Симонов,DE,АО «Давыдова-Тимофеев»,email-11.belova.ru,51142
1818,Богдан,Фролова,D1,Фармстандарт,lt-90.ip.com,38670
1819,Лидия,Самойлов,B1,ИП «Третьяков»,srv-68.ao.net,47837
1820,Эмилия,Веселов,B1,Аптечная сеть 366,srv-64.nortgaz.com,95873
1821,Наина,Медведева,D1,НПО «Лобанов Лыткин»,email-96.ao.org,96469
1822,Вышеслав,Кулакова,CE,ОАО «Сорокина Лазарева»,laptop-67.kotova.biz,48127
1823,Владимир,Егоров,A,ОАО «Борисов Григорьев и Крылова»,db-34.suhanova.org,2445
1824,Олимпиада,Логинова,DE,Никитин Лтд,web-16.oao.net,72277
1825,Людмила,Федорова,C,En +,srv-39.seliverstov.info,47039
1826,Автоном,Сергеев,D1,РАО «Зыкова Беляева и Егоров»,email-92.ao.org,25082
1827,Михей,Чернова,C,ООО «Авдеев Соколов»,srv-15.ao.info,13144
1828,Епифан,Гущин,D1,АО «Полякова Веселова и Зайцев»,db-33.kiseleva.biz,43315
1829,Елизар,Кононова,M,ЗАО «Шубин-Баранова»,email-57.gruppa.com,86539
1830,Феофан,Шаров,B1,РТИ,email-26.ooo.edu,82625
1831,Оксана,Шубина,B,ЗАО «Доронина Егорова и Зиновьев»,laptop-17.fomin.edu,22686
1832,Вячеслав,Калашников,DE,РАО «Тетерина-Кузнецова»,email-69.ao.info,33569
1833,Иннокентий,Наумова,Tm,Эппл Рус (Apple),desktop-24.npo.ru,35735
1834,Глафира,Стрелков,BE,АО «Красильников Аксенова и Маркова»,laptop-37.zao.net,34766
1835,Каллистрат,Крюков,A1,НПО «Михеев-Аксенова»,db-31.pkf.com,53446
1836,Вышеслав,Рогова,DE,Куйбышевазот,desktop-28.mihalov.net,49568
1837,Агап,Громов,B1,ЗАО «Кириллов Шилова и Мясников»,srv-07.oao.net,60669
1838,Порфирий,Красильникова,B,НПО «Ситникова Аксенов и Горшков»,srv-87.terenteva.biz,16940
1839,Лука,Дьячкова,Tm,ЗАО «Ильин Большаков»,desktop-90.komatsu.net,60847
1840,Парфен,Котова,DE,НПО «Бобылев Сергеева и Матвеев»,lt-26.diksi.com,88984
1841,Архип,Виноградова,Tb,Татэнергосбыт,srv-04.ip.org,52162
1842,Никифор,Петров,C1,РАО «Кудряшов»,web-88.nmzhk.biz,57269
1843,Радислав,Давыдова,CE,ОАО «Веселов Потапов и Зиновьева»,lt-83.npo.org,64256
1844,Исидор,Колесникова,B1,РусГидро,desktop-18.npo.biz,19628
1845,Никандр,Егоров,D1,ОАО «Сафонова Елисеева и Юдина»,db-83.ao.ru,41051
1846,Максимильян,Гусев,A1,Авторусь,web-21.mts-bank.ru,13445
1847,Сергей,Шарапов,D,АО «Романов-Казаков»,email-68.ip.edu,39364
1848,Юрий,Блохин,BE,НПО «Жданов Алексеев и Андреев»,email-00.ao.info,22831
1849,Прокл,Беспалов,CE,НПО «Горбачев Крылова и Агафонова»,lt-95.gk.net,23865
1850,Валерьян,Медведева,M,АО «Третьяков»,web-83.sds-ugol.biz,17658
1851,Эмиль,Яковлев,C1E,Порше Руссланд (Porsche),desktop-72.tarkett.edu,53001
1852,Ладислав,Белозерова,A1,Тетерин Лимитед,db-50.mmk.com,54781
1853,Сергей,Молчанов,B1,РАО «Власов Богданова»,lt-08.npo.com,13378
1854,Нонна,Евсеева,Tm,АО «Никитин Маркова»,lt-37.tsentralnaja.com,96085
1855,Елисей,Гришин,D,ОАО «Мишин Ширяев»,desktop-14.ooo.net,72522
1856,Тимур,Субботина,BE,АО «Сидоров Щукина и Васильева»,lt-21.ooo.edu,3010
1857,Михаил,Крюкова,DE,Горбачев Инк,db-97.ip.com,95238
1858,Емельян,Меркушева,Tb,АО «Прохоров Савельев и Мартынов»,laptop-73.zao.ru,7232
1859,Глеб,Тихонов,C1E,Такеда Фармасьютикалс (Takeda Pharmaceutical),email-06.petrov.net,32242
1860,Фома,Киселева,M,ИП «Кудрявцев-Федосеева»,db-98.oao.com,42883
1861,Милан,Беляков,Tb,РКК Энергия,email-84.metallokomplekt-m.edu,69549
1862,Фаина,Филатов,D1,НПО «Некрасов Титова и Кузьмин»,db-02.zao.info,29616
1863,Татьяна,Никонова,A,ЗАО «Ершов»,srv-27.npo.biz,85587
1864,Август,Елисеев,B,ИП «Тетерин-Никифоров»,email-60.ip.net,96016
1865,Ипполит,Меркушев,M,НПО «Федосеев Молчанов»,lt-87.t.edu,61205
1866,Пров,Никифоров,A1,ООО «Лаврентьева Носков и Осипов»,db-67.soloveva.ru,37650
1867,Зоя,Степанова,B,ИП «Гришина-Крылова»,lt-09.oao.org,26857
1868,Мир,Панова,C,ОАО «Матвеев Евдокимов и Ширяев»,lt-57.aviakompanija.edu,87135
1869,Эрнест,Власова,Tm,ООО «Пахомов Бирюкова»,srv-42.velikolukski.com,17652
1870,Автоном,Тарасова,B1,ООО «Силина Рыбаков и Николаева»,db-46.oao.info,81256
1871,Ярополк,Симонов,CE,АО «Никонова Кудряшов и Зыков»,laptop-84.npo.edu,78688
1872,Николай,Игнатов,DE,АО «Николаев»,email-83.ooo.info,96300
1873,Епифан,Носова,DE,Компания Металл Профиль,web-48.glorija.biz,77749
1874,Якуб,Самойлова,B,ОАО «Емельянова Мухина»,lt-74.npo.net,62572
1875,Виссарион,Комиссарова,D1,ООО «Шашков Савина и Киселев»,email-75.samolov.com,2792
1876,Савва,Шаров,M,ЗАО «Ковалев Муравьева»,db-51.gk.com,31003
1877,Мир,Виноградова,D,РАО «Сидоров-Костин»,web-06.zao.net,37875
1878,Эмиль,Мишин,CE,Самараэнерго,lt-46.ooo.ru,78644
1879,Олег,Зимин,C,Русаков Инкорпорэйтед,db-30.velesstro.net,61693
1880,Иосиф,Горбачев,B1,ИП «Селиверстова Наумов и Котов»,db-19.zao.edu,90292
1881,Людмила,Куликов,B1,ООО «Якушев-Гурьев»,desktop-71.oao.net,55076
1882,Тимур,Петров,CE,ИП «Дьячков»,lt-03.oao.biz,14514
1883,Мария,Терентьев,D,Калашникова и партнеры,web-18.vostochnaja.com,35077
1884,Эрнст,Захарова,B1,Ефимов и партнеры,db-02.ooo.ru,79472
1885,Зинаида,Веселова,A1,РАО «Корнилова Карпова»,desktop-58.ip.net,4287
1886,Любомир,Самсонов,B1,ЗАО «Якушева Козлова и Ефремов»,db-96.ao.net,67695
1887,Фадей,Степанов,D1,РАО «Силина»,laptop-45.ip.com,34332
1888,Кир,Родионова,CE,Русская медная компания,desktop-28.zao.org,50815
1889,Руслан,Субботина,M,ЗАО «Попова»,web-28.ip.biz,91887
1890,Юрий,Кулагин,B1,Кулакова Инкорпорэйтед,lt-99.galkin.edu,64662
1891,Варлаам,Зуев,M,ОАО «Рогов-Архипова»,lt-27.oao.com,97494
1892,Элеонора,Гришина,A1,Сегежа,laptop-40.ao.edu,93605
1893,Демьян,Маслова,CE,ОАО «Иванов Третьякова»,desktop-33.hohlova.info,55758
1894,Павел,Комиссаров,B,ООО «Носков Мясников»,lt-29.mezhdunarodni.info,73455
1895,Ростислав,Зиновьев,B,Российские сети,lt-79.oao.edu,17103
1896,Вадим,Борисова,B,ИП «Никонов Брагина»,srv-41.alkotorg.edu,76306
1897,Феврония,Шарова,A,Fonbet,desktop-12.gruppa.biz,69229
1898,Надежда,Большаков,A1,ООО «Фомин Сазонова»,db-24.rao.biz,94501
1899,Всемил,Анисимова,D1,Фокин Инкорпорэйтед,email-17.shneder.org,56480
1900,Чеслав,Лаврентьев,Tm,ЗАО «Якушева Горшков»,laptop-38.konar.info,18548
1901,Конон,Назарова,A,Васильева Групп,web-49.oao.edu,47756
1902,Яков,Фомичева,C1,ИП «Анисимова-Самойлова»,lt-98.zimin.biz,24056
1903,Аникей,Фомичев,CE,ООО «Чернова Зыков»,email-22.ooo.com,99129
1904,Ладимир,Кабанова,B,Анисимов Инкорпорэйтед,laptop-25.ooo.net,23141
1905,Евфросиния,Лапин,C1E,Орехов Инкорпорэйтед,db-45.dmitriev.edu,4336
1906,Всемил,Гуляев,CE,РАО «Кудрявцев Туров»,desktop-84.krjukova.edu,13508
1907,Аникита,Назарова,Tb,АО «Калашникова»,web-09.zapsibgazprom.info,30112
1908,Венедикт,Давыдова,Tm,НПО «Зимина Анисимов»,email-75.messojahaneftegaz.edu,67330
1909,Савватий,Гордеева,B1,ИП «Стрелков»,lt-32.ao.biz,17037
1910,Рюрик,Миронов,C1,ЗАО «Ширяев-Фролов»,lt-36.ao.info,43795
1911,Аким,Молчанов,C1E,ИП «Стрелков Ковалева и Блинов»,db-62.oao.info,67783
1912,Пелагея,Белова,C,Романова Лтд,desktop-90.ip.org,36242
1913,Будимир,Калашникова,A,ИП «Сазонов Гордеев»,srv-52.rao.biz,76671
1914,Всемил,Белозеров,A,ИП «Евсеева-Гущина»,laptop-99.ooo.net,43761
1915,Серафим,Шубина,M,Громова Инк,laptop-63.ip.org,63083
1916,София,Захаров,CE,НПО «Гордеев-Давыдова»,db-38.efremova.ru,88880
1917,Лукьян,Силина,DE,НПО «Шестаков»,srv-54.zao.info,56816
1918,Пелагея,Жукова,B,ОАО «Щербакова»,web-62.npo.net,21649
1919,Савва,Буров,C,ООО «Алексеев-Буров»,web-68.ip.info,43898
1920,Лука,Симонова,Tm,РАО «Денисов Сорокина и Кононова»,db-12.ao.net,34781
1921,Гостомысл,Прохорова,C1E,Белгранкорм-холдинг,db-88.eliseev.net,27312
1922,Алексей,Рожкова,C1,НПО «Михеев Власов и Шилов»,lt-08.ao.org,75260
1923,Ефим,Журавлева,C1,ОАО «Евдокимов Лобанов»,lt-79.ooo.ru,53488
1924,Мария,Белов,D1,ИП «Смирнов Симонов и Фомичева»,email-27.zao.com,75114
1925,Ладимир,Рогова,B,ООО «Владимиров-Белов»,web-95.gushchin.biz,13890
1926,Валерьян,Бобылева,BE,РАО «Богданов»,web-75.sportmaster.com,46920
1927,Аким,Суворова,A,ООО «Доронина-Костин»,srv-73.ao.biz,1632
1928,Венедикт,Кононова,CE,ОАО «Киселев-Сорокина»,desktop-99.rao.biz,4403
1929,Никанор,Белоусов,Tb,ОАО «Князева Лихачев и Тетерина»,lt-89.abi.org,27914
1930,Спартак,Карпов,B,НПО «Сорокин»,email-94.gk.biz,86272
1931,Ирина,Лаврентьева,B,НПО «Кудряшов Рыбаков»,web-77.oao.org,78780
1932,Еремей,Фомичева,DE,ЗАО «Исаев»,web-33.oao.net,22635
1933,Ювеналий,Одинцова,Tm,ОАО «Воронов»,db-65.ooo.com,79785
1934,Константин,Терентьева,D,ИП «Комаров»,lt-03.rao.net,33715
1935,Данила,Бирюков,Tb,НПО «Евсеева Лапин и Гуляева»,web-70.ao.org,95297
1936,Владимир,Савина,C1,ООО «Морозова»,email-11.ao.org,97399
1937,Евстафий,Александрова,C1,Терентьева и партнеры,laptop-38.shneder.biz,85883
1938,Кузьма,Молчанова,C1,НПО «Зайцев Лазарева»,lt-92.ao.ru,90206
1939,Радим,Богданов,DE,РАО «Семенов»,web-08.gruppa.edu,83925
1940,Лонгин,Кондратьева,Tm,ЗАО «Петухов»,desktop-10.uralvtormet.biz,96253
1941,Клавдия,Бобылева,D,ЗАО «Ермакова»,db-24.ooo.edu,51914
1942,Эрнст,Голубева,A1,ОАО «Веселова-Кононова»,srv-00.mezhdunarodni.com,73763
1943,Агата,Пахомова,C1E,СДС-Уголь,laptop-17.npo.info,3349
1944,Игорь,Устинов,C1,Игнатова Лимитед,email-16.oao.ru,34045
1945,Адам,Прохорова,B,Куликов Групп,db-50.oao.biz,90199
1946,Парамон,Медведева,Tm,Mail.Ru Group,laptop-79.tatenergo.net,58610
1947,Владилен,Семенов,BE,ИП «Фомичев-Давыдов»,lt-78.ao.ru,1252
1948,Милован,Уварова,C1,Сидорова Инк,laptop-12.osipova.net,93238
1949,Лаврентий,Нестеров,Tm,ОАО «Сергеев Белова и Жукова»,laptop-61.pestova.biz,37459
1950,Андроник,Матвеев,C,НПО «Доронина Суворов»,srv-75.ip.org,52864
1951,Панкрат,Нестерова,D,ОАО «Бобылев»,srv-94.gk.net,98981
1952,Ольга,Маслов,M,ИП «Гришина»,db-53.ao.edu,97480
1953,Ираклий,Фадеев,Tm,НПО «Фролов Щукин»,laptop-39.zao.org,85077
1954,Артемий,Петухова,C1E,Абрамов Групп,srv-90.gk.biz,90909
1955,Федот,Ларионова,C1,ЗАО «Шубин-Лазарева»,web-86.rao.biz,49592
1956,Филипп,Михеева,C1,ОАО «Сорокина Захарова и Прохоров»,laptop-59.ao.com,7867
1957,Гремислав,Соловьева,B1,Втормет,db-00.rao.net,47355
1958,Куприян,Григорьев,CE,АО «Ситникова Белозерова и Ефимова»,email-72.gordeev.edu,54117
1959,Галина,Кононова,C,ОАО «Кулагина Кошелева и Дьячков»,email-78.zao.biz,34094
1960,Ирина,Капустин,Tb,Нефтетранссервис,lt-69.kronoshpan.edu,50094
1961,Всеслав,Шубин,BE,Селезнева Лимитед,lt-06.ao.biz,11273
1962,Глеб,Гуляев,A,АО «Никифорова-Носов»,email-19.ooo.org,27630
1963,Феврония,Ефремова,D,РАО «Мухин»,lt-33.ooo.info,81021
1964,Авдей,Панов,Tm,НПО «Исаков Соловьева и Пахомов»,laptop-41.zhuravlev.net,85318
1965,Карп,Тимофеев,Tb,АО «Селиверстова Рожкова и Захарова»,email-91.rao.org,93875
1966,Леон,Макаров,CE,ИП «Архипова»,srv-88.fg.org,7170
1967,Эдуард,Цветков,C1E,ОАО «Воронцова-Осипов»,srv-40.hende.ru,18428
1968,Вадим,Мухина,CE,ОАО «Мамонтова»,lt-87.gruppa.net,84785
1969,Ярослав,Галкина,C1E,Дроздов Групп,lt-66.zao.com,76752
1970,Регина,Волков,D,НПО «Казакова-Никитин»,web-98.ao.edu,85513
1971,София,Мухин,D,Балтийская топливная компания,web-36.npo.net,88957
1972,Жанна,Лазарева,DE,ООО «Шубин-Беспалова»,laptop-07.oao.biz,51191
1973,Эммануил,Соболева,CE,ЗАО «Иванов Сафонов и Козлов»,web-92.ooo.net,90714
1974,Всеволод,Фролов,D,ООО «Аксенов»,email-74.ooo.ru,76383
1975,Виссарион,Егорова,A1,Беляев Инк,web-59.ip.edu,45813
1976,Маргарита,Симонов,A,ЗАО «Гордеев Самсонова и Константинов»,srv-03.zao.net,46360
1977,Борислав,Козлова,C,Кошелева Лтд,desktop-19.zinovev.info,72129
1978,Серафим,Одинцов,C,Inventive Retail Group,laptop-12.ip.net,21281
1979,Вениамин,Петрова,B1,ЗАО «Волков Захаров»,db-28.kvadra.com,45702
1980,Никита,Самсонов,A1,Федотов Лтд,lt-47.ao.net,81651
1981,Митофан,Матвеев,A1,Сибирская аграрная группа,lt-11.ip.org,84851
1982,Вацлав,Копылова,D1,Константинова Инк,web-83.sisoev.ru,31032
1983,Фотий,Титов,D1,НПО «Харитонова Некрасов и Шарова»,laptop-41.ip.org,93820
1984,Тимур,Маслова,M,Фармкомплект,db-40.gosudarstvennaja.ru,46104
1985,Елисей,Комаров,D1,РАО «Максимов Голубева»,db-80.gusev.net,54019
1986,Алина,Королев,C1E,ОАО «Ширяева»,laptop-86.antonova.org,34209
1987,Натан,Фомичева,A1,ОАО «Игнатов Елисеев и Шубина»,srv-77.rao.edu,95597
1988,Глеб,Яковлева,A,ООО «Миронов Ефимов»,web-92.stalepromishlennaja.org,38008
1989,Януарий,Потапова,B1,НПО «Горбунов-Уварова»,laptop-92.liga.biz,47892
1990,Януарий,Игнатов,B,ИП «Никифорова Владимиров и Федотов»,db-13.magnit.net,91627
1991,Лонгин,Кириллова,Tm,НПО «Лыткин Степанов»,laptop-66.ooo.ru,16154
1992,Твердислав,Кузнецов,C1,Familia,laptop-99.folksvagen.ru,81864
1993,Родион,Трофимова,Tb,АО «Большаков-Рябова»,srv-18.ao.biz,59907
1994,Ирина,Костин,C1E,Казаков Инк,laptop-16.ao.edu,61031
1995,Мстислав,Громов,Tm,ИП «Козлова Бирюков и Сафонова»,srv-38.maksimova.biz,99160
1996,Нина,Макарова,DE,ИП «Лыткин Игнатьев»,srv-87.ip.biz,52887
1997,Жанна,Потапова,Tm,ЗАО «Боброва Селезнев»,web-91.lapina.net,12348
1998,Бронислав,Тимофеев,A1,Торговая сеть Красное и Белое,db-03.oao.info,72748
1999,Прокл,Русакова,C,АО «Титова»,db-05.oao.biz,63481
